family,setup,side,n,PF,expR,n2023,pf2023,net2023,n2024,pf2024,net2024,profile,stop_mult,rr
EXHAUST_LONG|02_06|DN,EXHAUST_LONG,LONG,70,0.7922998986828779,-0.1464285714285715,41,0.5222734254992318,-15.550000000000002,29,1.3154761904761902,5.299999999999998,P075_R175,0.75,1.75
EXHAUST_LONG|02_06|FLAT,EXHAUST_LONG,LONG,38,0.6596119929453261,-0.25394736842105275,23,0.34085213032581446,-13.150000000000004,15,1.4166666666666665,3.5,P075_R175,0.75,1.75
EXHAUST_LONG|02_06|SD,EXHAUST_LONG,LONG,604,0.8379995214166063,-0.11208609271523179,322,0.8753702437912959,-27.34999999999999,282,0.7966742252456531,-40.35,P075_R175,0.75,1.75
EXHAUST_LONG|02_06|SU,EXHAUST_LONG,LONG,1,99.0,1.7,0,0.0,0.0,1,99.0,1.7,P075_R175,0.75,1.75
EXHAUST_LONG|02_06|UP,EXHAUST_LONG,LONG,10,0.6938775510204082,-0.22500000000000003,6,1.6190476190476188,1.95,4,0.0,-4.2,P075_R175,0.75,1.75
EXHAUST_LONG|06_0830|DN,EXHAUST_LONG,LONG,50,0.9107142857142856,-0.060000000000000046,21,1.214285714285714,2.7,29,0.7285714285714284,-5.700000000000001,P075_R175,0.75,1.75
EXHAUST_LONG|06_0830|FLAT,EXHAUST_LONG,LONG,19,0.5782312925170067,-0.3263157894736842,3,0.8095238095238094,-0.40000000000000013,16,0.5396825396825395,-5.800000000000001,P075_R175,0.75,1.75
EXHAUST_LONG|06_0830|SD,EXHAUST_LONG,LONG,318,1.0624999999999991,0.039622641509433947,174,1.17020273455917,18.049999999999997,144,0.9429618001046572,-5.449999999999999,P075_R175,0.75,1.75
EXHAUST_LONG|06_0830|UP,EXHAUST_LONG,LONG,3,0.8095238095238094,-0.1333333333333334,1,99.0,1.7,2,0.0,-2.1,P075_R175,0.75,1.75
EXHAUST_LONG|0830_11|DN,EXHAUST_LONG,LONG,50,0.3554006968641115,-0.555,23,0.2428571428571428,-15.900000000000006,27,0.46258503401360535,-11.850000000000005,P075_R175,0.75,1.75
EXHAUST_LONG|0830_11|FLAT,EXHAUST_LONG,LONG,16,0.9714285714285712,-0.018750000000000044,9,0.8095238095238095,-1.2000000000000004,7,1.2142857142857142,0.8999999999999995,P075_R175,0.75,1.75
EXHAUST_LONG|0830_11|SD,EXHAUST_LONG,LONG,423,0.7924211938296443,-0.1463356973995272,208,0.7863945578231292,-31.4,215,0.7982804232804233,-30.500000000000004,P075_R175,0.75,1.75
EXHAUST_LONG|0830_11|UP,EXHAUST_LONG,LONG,7,2.1587301587301586,0.5214285714285715,5,2.4285714285714284,3.0,2,1.6190476190476188,0.6499999999999999,P075_R175,0.75,1.75
EXHAUST_LONG|11_1330|DN,EXHAUST_LONG,LONG,12,0.5396825396825395,-0.36250000000000004,6,0.8095238095238094,-0.8000000000000005,6,0.3238095238095238,-3.55,P075_R175,0.75,1.75
EXHAUST_LONG|11_1330|FLAT,EXHAUST_LONG,LONG,2,0.0,-1.05,1,0.0,-1.05,1,0.0,-1.05,P075_R175,0.75,1.75
EXHAUST_LONG|11_1330|SD,EXHAUST_LONG,LONG,368,0.5795115094008081,-0.3251358695652174,209,0.5640552995391706,-70.95,159,0.6001642036124795,-48.7,P075_R175,0.75,1.75
EXHAUST_LONG|1330_1515|DN,EXHAUST_LONG,LONG,7,0.6476190476190476,-0.2642857142857144,2,0.0,-2.1,5,1.0793650793650793,0.24999999999999978,P075_R175,0.75,1.75
EXHAUST_LONG|1330_1515|SD,EXHAUST_LONG,LONG,211,0.5708180708180709,-0.33317535545023697,117,0.5093632958801498,-45.84999999999998,94,0.6524520255863541,-24.450000000000003,P075_R175,0.75,1.75
EXHAUST_LONG|1330_1515|SU,EXHAUST_LONG,LONG,1,99.0,1.7,0,0.0,0.0,1,99.0,1.7,P075_R175,0.75,1.75
EXHAUST_LONG|1330_1515|UP,EXHAUST_LONG,LONG,1,0.0,-1.05,0,0.0,0.0,1,0.0,-1.05,P075_R175,0.75,1.75
EXHAUST_SHORT|02_06|DN,EXHAUST_SHORT,SHORT,7,0.6476190476190476,-0.2642857142857143,3,0.0,-3.1500000000000004,4,1.6190476190476188,1.2999999999999996,P075_R175,0.75,1.75
EXHAUST_SHORT|02_06|FLAT,EXHAUST_SHORT,SHORT,21,0.6476190476190473,-0.26428571428571435,7,0.0,-7.35,14,1.2142857142857142,1.7999999999999994,P075_R175,0.75,1.75
EXHAUST_SHORT|02_06|SU,EXHAUST_SHORT,SHORT,735,0.809523809523809,-0.13333333333333333,329,0.8243774574049796,-40.199999999999996,406,0.7976190476190474,-57.800000000000004,P075_R175,0.75,1.75
EXHAUST_SHORT|02_06|UP,EXHAUST_SHORT,SHORT,84,0.9469901168014381,-0.035119047619047654,39,0.8095238095238093,-5.200000000000001,45,1.079365079365079,2.250000000000001,P075_R175,0.75,1.75
EXHAUST_SHORT|06_0830|DN,EXHAUST_SHORT,SHORT,3,99.0,1.7,2,99.0,3.4,1,99.0,1.7,P075_R175,0.75,1.75
EXHAUST_SHORT|06_0830|FLAT,EXHAUST_SHORT,SHORT,19,0.4317460317460316,-0.47105263157894744,9,0.8095238095238095,-1.2000000000000004,10,0.17989417989417986,-7.75,P075_R175,0.75,1.75
EXHAUST_SHORT|06_0830|SD,EXHAUST_SHORT,SHORT,3,0.8095238095238094,-0.1333333333333334,3,0.8095238095238094,-0.40000000000000013,0,0.0,0.0,P075_R175,0.75,1.75
EXHAUST_SHORT|06_0830|SU,EXHAUST_SHORT,SHORT,453,0.8756073858114668,-0.08476821192052982,199,0.7675485008818341,-32.95,254,0.9673554956573819,-5.450000000000006,P075_R175,0.75,1.75
EXHAUST_SHORT|06_0830|UP,EXHAUST_SHORT,SHORT,48,0.9714285714285712,-0.018750000000000044,28,1.0476190476190474,0.849999999999997,20,0.8717948717948715,-1.7500000000000009,P075_R175,0.75,1.75
EXHAUST_SHORT|0830_11|DN,EXHAUST_SHORT,SHORT,5,1.0793650793650793,0.049999999999999954,4,1.6190476190476188,1.2999999999999998,1,0.0,-1.05,P075_R175,0.75,1.75
EXHAUST_SHORT|0830_11|FLAT,EXHAUST_SHORT,SHORT,19,0.5782312925170067,-0.3263157894736842,12,0.32380952380952377,-7.100000000000002,7,1.2142857142857142,0.8999999999999997,P075_R175,0.75,1.75
EXHAUST_SHORT|0830_11|SD,EXHAUST_SHORT,SHORT,2,1.6190476190476188,0.32499999999999996,1,0.0,-1.05,1,99.0,1.7,P075_R175,0.75,1.75
EXHAUST_SHORT|0830_11|SU,EXHAUST_SHORT,SHORT,444,0.9482993197278908,-0.03423423423423424,225,0.946344735077129,-7.9999999999999964,219,0.9503105590062109,-7.200000000000006,P075_R175,0.75,1.75
EXHAUST_SHORT|0830_11|UP,EXHAUST_SHORT,SHORT,54,0.5666666666666667,-0.33703703703703713,34,0.6746031746031745,-8.200000000000001,20,0.4047619047619047,-10.000000000000004,P075_R175,0.75,1.75
EXHAUST_SHORT|11_1330|FLAT,EXHAUST_SHORT,SHORT,2,0.0,-1.05,1,0.0,-1.05,1,0.0,-1.05,P075_R175,0.75,1.75
EXHAUST_SHORT|11_1330|SU,EXHAUST_SHORT,SHORT,442,0.6172619047619045,-0.29095022624434397,225,0.5887445887445888,-71.25,217,0.6476190476190476,-57.35,P075_R175,0.75,1.75
EXHAUST_SHORT|11_1330|UP,EXHAUST_SHORT,SHORT,15,0.40476190476190466,-0.49999999999999994,9,0.46258503401360546,-3.95,6,0.3238095238095238,-3.55,P075_R175,0.75,1.75
EXHAUST_SHORT|1330_1515|FLAT,EXHAUST_SHORT,SHORT,1,0.0,-1.05,0,0.0,0.0,1,0.0,-1.05,P075_R175,0.75,1.75
EXHAUST_SHORT|1330_1515|SU,EXHAUST_SHORT,SHORT,286,0.6619751348815385,-0.25192307692307697,133,0.7735449735449735,-21.40000000000001,153,0.5731142014327854,-50.64999999999999,P075_R175,0.75,1.75
EXHAUST_SHORT|1330_1515|UP,EXHAUST_SHORT,SHORT,9,2.0238095238095237,0.47777777777777775,6,1.6190476190476188,1.9499999999999995,3,3.2380952380952377,2.3499999999999996,P075_R175,0.75,1.75
PULLBACK_LONG|02_06|SU,PULLBACK_LONG,LONG,793,0.9033585929460191,-0.06513240857503153,395,0.8406593406593407,-43.5,398,0.9688276917192576,-8.150000000000002,P075_R175,0.75,1.75
PULLBACK_LONG|02_06|UP,PULLBACK_LONG,LONG,144,1.1564625850340136,0.09583333333333331,70,1.3634085213032587,14.499999999999993,74,0.9855072463768121,-0.7000000000000013,P075_R175,0.75,1.75
PULLBACK_LONG|06_0830|SU,PULLBACK_LONG,LONG,515,0.8699360341151383,-0.0888349514563107,262,0.9210151126318783,-13.850000000000009,253,0.8191609977324257,-31.90000000000001,P075_R175,0.75,1.75
PULLBACK_LONG|06_0830|UP,PULLBACK_LONG,LONG,117,0.9066666666666667,-0.0628205128205128,53,0.7645502645502648,-8.900000000000002,64,1.0378510378510384,1.5499999999999972,P075_R175,0.75,1.75
PULLBACK_LONG|0830_11|SU,PULLBACK_LONG,LONG,456,0.6526007326007326,-0.25997807017543856,189,0.5823912298732443,-60.949999999999996,267,0.7050691244239627,-57.599999999999994,P075_R175,0.75,1.75
PULLBACK_LONG|0830_11|UP,PULLBACK_LONG,LONG,139,0.7498746867167921,-0.17949640287769786,63,0.8687572590011616,-5.6499999999999995,76,0.6596119929453266,-19.3,P075_R175,0.75,1.75
PULLBACK_LONG|11_1330|SU,PULLBACK_LONG,LONG,512,0.6335403726708072,-0.2765625,248,0.5871271585557298,-78.9,264,0.6789554531490012,-62.7,P075_R175,0.75,1.75
PULLBACK_LONG|11_1330|UP,PULLBACK_LONG,LONG,92,0.7452758881330315,-0.1831521739130435,34,0.7743271221532089,-5.450000000000001,58,0.7285714285714285,-11.400000000000006,P075_R175,0.75,1.75
PULLBACK_LONG|1330_1515|SU,PULLBACK_LONG,LONG,411,0.41590214067278264,-0.48795620437956205,190,0.36559139784946243,-103.25,221,0.4612403100775193,-97.29999999999998,P075_R175,0.75,1.75
PULLBACK_LONG|1330_1515|UP,PULLBACK_LONG,LONG,68,0.4197530864197532,-0.4838235294117646,22,0.25563909774436083,-14.850000000000005,46,0.508843537414966,-18.050000000000004,P075_R175,0.75,1.75
PULLBACK_SHORT|02_06|DN,PULLBACK_SHORT,SHORT,148,0.777142857142857,-0.15810810810810816,80,0.7795414462081132,-12.5,68,0.7743271221532095,-10.900000000000004,P075_R175,0.75,1.75
PULLBACK_SHORT|02_06|SD,PULLBACK_SHORT,SHORT,796,0.7631370477950883,-0.16903266331658293,421,0.7642357642357642,-70.80000000000001,375,0.7619047619047615,-63.75,P075_R175,0.75,1.75
PULLBACK_SHORT|06_0830|DN,PULLBACK_SHORT,SHORT,129,0.7276618512573567,-0.19728682170542636,63,1.0651629072681708,2.599999999999998,66,0.4761904761904762,-28.049999999999997,P075_R175,0.75,1.75
PULLBACK_SHORT|06_0830|SD,PULLBACK_SHORT,SHORT,458,0.9291441662575677,-0.047270742358078606,229,0.820175438596491,-28.69999999999999,229,1.0483042137718395,7.049999999999992,P075_R175,0.75,1.75
PULLBACK_SHORT|0830_11|DN,PULLBACK_SHORT,SHORT,145,0.7053276756247053,-0.21551724137931033,78,0.906666666666667,-4.900000000000001,67,0.507936507936508,-26.350000000000005,P075_R175,0.75,1.75
PULLBACK_SHORT|0830_11|SD,PULLBACK_SHORT,SHORT,551,0.7726286224945739,-0.16161524500907443,283,0.7186588921282793,-57.900000000000006,268,0.8323917137476455,-31.150000000000002,P075_R175,0.75,1.75
PULLBACK_SHORT|11_1330|DN,PULLBACK_SHORT,SHORT,128,0.6335403726708075,-0.27656250000000004,68,0.7743271221532095,-10.900000000000002,60,0.49275362318840593,-24.500000000000004,P075_R175,0.75,1.75
PULLBACK_SHORT|11_1330|SD,PULLBACK_SHORT,SHORT,692,0.6039304610733178,-0.30289017341040464,367,0.6488549618320608,-96.59999999999998,325,0.5552931916568276,-113.0,P075_R175,0.75,1.75
PULLBACK_SHORT|1330_1515|DN,PULLBACK_SHORT,SHORT,42,0.8095238095238093,-0.13333333333333336,23,0.4497354497354497,-10.400000000000006,19,1.4571428571428569,4.799999999999999,P075_R175,0.75,1.75
PULLBACK_SHORT|1330_1515|SD,PULLBACK_SHORT,SHORT,428,0.4871906209292225,-0.41390186915887844,221,0.4255782312925171,-105.55,207,0.5572047000618429,-71.6,P075_R175,0.75,1.75
SWEEP_LONG|02_06|DN,SWEEP_LONG,LONG,90,0.93734335839599,-0.04166666666666666,47,0.835637480798771,-5.3500000000000005,43,1.0586080586080584,1.5999999999999985,P075_R175,0.75,1.75
SWEEP_LONG|02_06|FLAT,SWEEP_LONG,LONG,83,0.7385129490392649,-0.1885542168674699,45,0.6577380952380951,-11.500000000000004,38,0.8419047619047617,-4.15,P075_R175,0.75,1.75
SWEEP_LONG|02_06|SD,SWEEP_LONG,LONG,369,0.7899385560675878,-0.14823848238482387,195,0.8474702380952378,-20.500000000000004,174,0.7285714285714284,-34.2,P075_R175,0.75,1.75
SWEEP_LONG|02_06|SU,SWEEP_LONG,LONG,181,0.9515455304928986,-0.032044198895027645,73,1.0670995670995675,3.0999999999999996,108,0.8789115646258506,-8.899999999999995,P075_R175,0.75,1.75
SWEEP_LONG|02_06|UP,SWEEP_LONG,LONG,71,1.117913832199547,0.07323943661971828,27,2.023809523809523,12.899999999999995,44,0.7555555555555553,-7.700000000000001,P075_R175,0.75,1.75
SWEEP_LONG|06_0830|DN,SWEEP_LONG,LONG,87,0.6528417818740402,-0.2597701149425288,36,0.6227106227106226,-10.300000000000004,51,0.6746031746031746,-12.3,P075_R175,0.75,1.75
SWEEP_LONG|06_0830|FLAT,SWEEP_LONG,LONG,94,0.7223443223443226,-0.2015957446808511,44,0.5396825396825397,-15.950000000000003,50,0.9107142857142856,-3.000000000000001,P075_R175,0.75,1.75
SWEEP_LONG|06_0830|SD,SWEEP_LONG,LONG,239,0.995495495495495,-0.002928870292887019,129,1.0933828076685221,7.5499999999999945,110,0.8893360160965799,-8.250000000000005,P075_R175,0.75,1.75
SWEEP_LONG|06_0830|SU,SWEEP_LONG,LONG,115,0.8308270676691731,-0.11739130434782612,52,1.0119047619047619,0.3999999999999986,63,0.6991341991341993,-13.900000000000006,P075_R175,0.75,1.75
SWEEP_LONG|06_0830|UP,SWEEP_LONG,LONG,89,0.9089390142021722,-0.0612359550561798,42,0.8095238095238093,-5.6,47,1.004926108374384,0.1499999999999997,P075_R175,0.75,1.75
SWEEP_LONG|0830_11|DN,SWEEP_LONG,LONG,67,0.507936507936508,-0.3932835820895522,36,0.20238095238095236,-26.800000000000004,31,1.0225563909774433,0.44999999999999796,P075_R175,0.75,1.75
SWEEP_LONG|0830_11|FLAT,SWEEP_LONG,LONG,61,0.6777408637873755,-0.23852459016393449,35,0.334975369458128,-20.250000000000004,26,1.3877551020408159,5.6999999999999975,P075_R175,0.75,1.75
SWEEP_LONG|0830_11|SD,SWEEP_LONG,LONG,239,0.7548933683903006,-0.17552301255230127,117,0.7488095238095238,-21.1,122,0.7607573149741825,-20.85,P075_R175,0.75,1.75
SWEEP_LONG|0830_11|SU,SWEEP_LONG,LONG,86,0.7409200968523004,-0.18662790697674422,33,0.8095238095238093,-4.400000000000001,53,0.7001287001287003,-11.650000000000006,P075_R175,0.75,1.75
SWEEP_LONG|0830_11|UP,SWEEP_LONG,LONG,54,0.7438867438867441,-0.18425925925925937,33,0.8095238095238093,-4.400000000000001,21,0.6476190476190473,-5.55,P075_R175,0.75,1.75
SWEEP_LONG|11_1330|DN,SWEEP_LONG,LONG,33,0.7039337474120081,-0.2166666666666667,17,1.4391534391534389,4.1499999999999995,16,0.23129251700680264,-11.3,P075_R175,0.75,1.75
SWEEP_LONG|11_1330|FLAT,SWEEP_LONG,LONG,39,0.7195767195767194,-0.20384615384615387,14,0.6476190476190475,-3.6999999999999993,25,0.7619047619047619,-4.250000000000002,P075_R175,0.75,1.75
SWEEP_LONG|11_1330|SD,SWEEP_LONG,LONG,194,0.6406303528605688,-0.2703608247422681,100,0.5396825396825397,-36.249999999999986,94,0.7589285714285716,-16.200000000000006,P075_R175,0.75,1.75
SWEEP_LONG|11_1330|SU,SWEEP_LONG,LONG,128,0.7629994526546251,-0.16914062500000002,62,0.5167173252279637,-23.85,66,1.0523809523809524,2.199999999999999,P075_R175,0.75,1.75
SWEEP_LONG|11_1330|UP,SWEEP_LONG,LONG,33,0.3597883597883597,-0.55,11,0.3597883597883597,-6.05,22,0.3597883597883597,-12.100000000000005,P075_R175,0.75,1.75
SWEEP_LONG|1330_1515|DN,SWEEP_LONG,LONG,29,0.515151515151515,-0.38620689655172435,17,0.498168498168498,-6.8500000000000005,12,0.5396825396825395,-4.35,P075_R175,0.75,1.75
SWEEP_LONG|1330_1515|FLAT,SWEEP_LONG,LONG,26,0.2943722943722943,-0.6269230769230771,14,0.0,-14.700000000000005,12,0.8095238095238094,-1.6000000000000008,P075_R175,0.75,1.75
SWEEP_LONG|1330_1515|SD,SWEEP_LONG,LONG,140,0.5396825396825397,-0.3625,66,0.22331691297208542,-47.3,74,0.9300911854103349,-3.4499999999999993,P075_R175,0.75,1.75
SWEEP_LONG|1330_1515|SU,SWEEP_LONG,LONG,103,0.5466914038342611,-0.3558252427184464,45,0.5887445887445887,-14.250000000000004,58,0.5151515151515152,-22.4,P075_R175,0.75,1.75
SWEEP_LONG|1330_1515|UP,SWEEP_LONG,LONG,30,0.4047619047619047,-0.5000000000000002,14,0.44155844155844143,-6.449999999999999,16,0.3736263736263735,-8.55,P075_R175,0.75,1.75
SWEEP_SHORT|02_06|DN,SWEEP_SHORT,SHORT,72,0.8095238095238095,-0.13333333333333336,36,1.03030303030303,0.6999999999999975,36,0.6227106227106226,-10.300000000000004,P075_R175,0.75,1.75
SWEEP_SHORT|02_06|FLAT,SWEEP_SHORT,SHORT,87,0.7285714285714289,-0.1965517241379311,42,0.5745007680491551,-13.850000000000001,45,0.8932676518883413,-3.2500000000000018,P075_R175,0.75,1.75
SWEEP_SHORT|02_06|SD,SWEEP_SHORT,SHORT,158,0.7942497753818507,-0.14493670886075954,79,1.102330293819656,5.049999999999999,79,0.5488297013720743,-27.95000000000001,P075_R175,0.75,1.75
SWEEP_SHORT|02_06|SU,SWEEP_SHORT,SHORT,424,0.8239281477715639,-0.12252358490566038,189,0.9523809523809522,-5.95,235,0.7295708406819515,-45.999999999999986,P075_R175,0.75,1.75
SWEEP_SHORT|02_06|UP,SWEEP_SHORT,SHORT,104,0.9714285714285716,-0.018750000000000003,52,1.1873015873015873,5.8999999999999995,52,0.7863945578231294,-7.85,P075_R175,0.75,1.75
SWEEP_SHORT|06_0830|DN,SWEEP_SHORT,SHORT,69,0.8634920634920636,-0.09347826086956527,28,0.7669172932330826,-4.650000000000002,41,0.9340659340659337,-1.800000000000001,P075_R175,0.75,1.75
SWEEP_SHORT|06_0830|FLAT,SWEEP_SHORT,SHORT,76,0.841904761904762,-0.10921052631578954,39,0.8095238095238093,-5.200000000000001,37,0.8769841269841268,-3.1000000000000005,P075_R175,0.75,1.75
SWEEP_SHORT|06_0830|SD,SWEEP_SHORT,SHORT,102,0.7401360544217689,-0.18725490196078431,52,0.7195767195767198,-10.600000000000001,50,0.761904761904762,-8.500000000000002,P075_R175,0.75,1.75
SWEEP_SHORT|06_0830|SU,SWEEP_SHORT,SHORT,308,0.8868150275185445,-0.07678571428571428,141,0.9174603174603173,-7.800000000000002,167,0.8615115771079072,-15.850000000000001,P075_R175,0.75,1.75
SWEEP_SHORT|06_0830|UP,SWEEP_SHORT,SHORT,76,1.242524916943522,0.144078947368421,40,1.4648526077097501,10.25,36,1.03030303030303,0.699999999999998,P075_R175,0.75,1.75
SWEEP_SHORT|0830_11|DN,SWEEP_SHORT,SHORT,65,0.5734126984126984,-0.3307692307692308,37,0.8769841269841268,-3.1000000000000014,28,0.2698412698412698,-18.400000000000006,P075_R175,0.75,1.75
SWEEP_SHORT|0830_11|FLAT,SWEEP_SHORT,SHORT,45,0.8932676518883413,-0.07222222222222224,21,0.8095238095238092,-2.8,24,0.9714285714285711,-0.45000000000000284,P075_R175,0.75,1.75
SWEEP_SHORT|0830_11|SD,SWEEP_SHORT,SHORT,97,0.44736842105263164,-0.4546391752577319,43,0.3148148148148149,-25.900000000000002,54,0.5666666666666667,-18.200000000000003,P075_R175,0.75,1.75
SWEEP_SHORT|0830_11|SU,SWEEP_SHORT,SHORT,249,0.9324894514767929,-0.04497991967871487,108,1.1564625850340142,10.349999999999998,141,0.7839598997493736,-21.550000000000004,P075_R175,0.75,1.75
SWEEP_SHORT|0830_11|UP,SWEEP_SHORT,SHORT,67,0.739130434782609,-0.18805970149253734,33,0.518095238095238,-12.650000000000002,34,1.0022675736961448,0.0499999999999976,P075_R175,0.75,1.75
SWEEP_SHORT|11_1330|DN,SWEEP_SHORT,SHORT,51,0.8095238095238095,-0.13333333333333336,25,0.6296296296296294,-7.000000000000003,26,1.0119047619047619,0.1999999999999975,P075_R175,0.75,1.75
SWEEP_SHORT|11_1330|FLAT,SWEEP_SHORT,SHORT,53,0.7001287001287003,-0.21981132075471704,28,0.7669172932330826,-4.650000000000002,25,0.6296296296296294,-7.000000000000002,P075_R175,0.75,1.75
SWEEP_SHORT|11_1330|SD,SWEEP_SHORT,SHORT,150,0.5887445887445887,-0.31666666666666665,66,0.3971248876909255,-33.55,84,0.7669172932330829,-13.950000000000003,P075_R175,0.75,1.75
SWEEP_SHORT|11_1330|SU,SWEEP_SHORT,SHORT,238,0.7892857142857139,-0.14873949579831938,108,0.8095238095238095,-14.40000000000001,130,0.7727272727272726,-21.000000000000004,P075_R175,0.75,1.75
SWEEP_SHORT|11_1330|UP,SWEEP_SHORT,SHORT,53,0.37652270210409755,-0.5311320754716982,26,0.2943722943722943,-16.300000000000004,27,0.46258503401360535,-11.850000000000005,P075_R175,0.75,1.75
SWEEP_SHORT|1330_1515|DN,SWEEP_SHORT,SHORT,26,0.857142857142857,-0.09807692307692314,14,0.6476190476190475,-3.6999999999999993,12,1.1564625850340136,1.1499999999999995,P075_R175,0.75,1.75
SWEEP_SHORT|1330_1515|FLAT,SWEEP_SHORT,SHORT,32,0.9714285714285712,-0.018750000000000044,18,1.03030303030303,0.3499999999999992,14,0.8994708994708994,-0.9500000000000006,P075_R175,0.75,1.75
SWEEP_SHORT|1330_1515|SD,SWEEP_SHORT,SHORT,82,0.488284202569917,-0.4128048780487804,38,0.36559139784946226,-20.650000000000006,44,0.6071428571428571,-13.200000000000003,P075_R175,0.75,1.75
SWEEP_SHORT|1330_1515|SU,SWEEP_SHORT,SHORT,153,0.9347079037800684,-0.04346405228758169,57,0.9444444444444448,-2.1000000000000014,96,0.9289617486338801,-4.549999999999997,P075_R175,0.75,1.75
SWEEP_SHORT|1330_1515|UP,SWEEP_SHORT,SHORT,27,0.46258503401360535,-0.43888888888888905,12,0.8095238095238094,-1.5999999999999999,15,0.249084249084249,-10.250000000000004,P075_R175,0.75,1.75
VWAP_LONG|02_06|FLAT,VWAP_LONG,LONG,39,0.5582922824302133,-0.34487179487179503,22,0.47619047619047616,-9.350000000000005,17,0.6746031746031744,-4.1000000000000005,P075_R175,0.75,1.75
VWAP_LONG|02_06|SU,VWAP_LONG,LONG,153,0.6960391633288829,-0.223202614379085,70,0.6938775510204083,-15.750000000000004,83,0.697865353037767,-18.400000000000002,P075_R175,0.75,1.75
VWAP_LONG|02_06|UP,VWAP_LONG,LONG,114,1.0952380952380956,0.05964912280701754,48,0.9714285714285712,-0.9000000000000012,66,1.1929824561403515,7.699999999999999,P075_R175,0.75,1.75
VWAP_LONG|06_0830|FLAT,VWAP_LONG,LONG,26,0.857142857142857,-0.09807692307692319,12,0.8095238095238094,-1.6000000000000005,14,0.8994708994708994,-0.9500000000000006,P075_R175,0.75,1.75
VWAP_LONG|06_0830|SU,VWAP_LONG,LONG,30,0.9373433583959898,-0.04166666666666677,15,1.079365079365079,0.7499999999999991,15,0.8095238095238094,-2.0000000000000004,P075_R175,0.75,1.75
VWAP_LONG|06_0830|UP,VWAP_LONG,LONG,82,1.146825396825397,0.0902439024390244,44,0.83743842364532,-4.949999999999999,38,1.6190476190476186,12.349999999999994,P075_R175,0.75,1.75
VWAP_LONG|0830_11|FLAT,VWAP_LONG,LONG,25,0.4047619047619047,-0.5000000000000001,11,0.3597883597883597,-6.05,14,0.44155844155844143,-6.45,P075_R175,0.75,1.75
VWAP_LONG|0830_11|SU,VWAP_LONG,LONG,46,0.8634920634920633,-0.09347826086956519,28,0.8994708994708994,-1.900000000000003,18,0.8095238095238093,-2.400000000000001,P075_R175,0.75,1.75
VWAP_LONG|0830_11|UP,VWAP_LONG,LONG,74,0.5996472663139332,-0.3067567567567568,39,0.4857142857142856,-16.200000000000006,35,0.742063492063492,-6.500000000000003,P075_R175,0.75,1.75
VWAP_LONG|11_1330|FLAT,VWAP_LONG,LONG,10,0.4047619047619047,-0.5,3,0.8095238095238094,-0.40000000000000013,7,0.2698412698412698,-4.6,P075_R175,0.75,1.75
VWAP_LONG|11_1330|SU,VWAP_LONG,LONG,9,0.0,-1.05,4,0.0,-4.2,5,0.0,-5.25,P075_R175,0.75,1.75
VWAP_LONG|11_1330|UP,VWAP_LONG,LONG,31,0.11165845648604267,-0.8725806451612905,8,0.23129251700680273,-5.65,23,0.07359307359307357,-21.400000000000006,P075_R175,0.75,1.75
VWAP_LONG|1330_1515|FLAT,VWAP_LONG,LONG,2,0.0,-1.05,1,0.0,-1.05,1,0.0,-1.05,P075_R175,0.75,1.75
VWAP_LONG|1330_1515|SU,VWAP_LONG,LONG,19,0.19047619047619047,-0.7605263157894738,15,0.11564625850340132,-13.000000000000004,4,0.5396825396825397,-1.4500000000000002,P075_R175,0.75,1.75
VWAP_LONG|1330_1515|UP,VWAP_LONG,LONG,7,2.1587301587301586,0.5214285714285715,5,2.4285714285714284,3.0,2,1.6190476190476188,0.6499999999999999,P075_R175,0.75,1.75
VWAP_SHORT|02_06|DN,VWAP_SHORT,SHORT,98,0.7142857142857145,-0.20816326530612247,58,0.7887667887667891,-8.65,40,0.6141215106732346,-11.75,P075_R175,0.75,1.75
VWAP_SHORT|02_06|FLAT,VWAP_SHORT,SHORT,28,1.4031746031746026,0.22678571428571423,13,0.7195767195767194,-2.650000000000001,15,2.4285714285714284,9.0,P075_R175,0.75,1.75
VWAP_SHORT|02_06|SD,VWAP_SHORT,SHORT,164,1.0361904761904759,0.023170731707317045,92,1.2454212454212457,13.399999999999999,72,0.8095238095238095,-9.600000000000001,P075_R175,0.75,1.75
VWAP_SHORT|06_0830|DN,VWAP_SHORT,SHORT,80,0.7359307359307362,-0.190625,45,0.8095238095238092,-6.000000000000001,35,0.6476190476190475,-9.250000000000002,P075_R175,0.75,1.75
VWAP_SHORT|06_0830|FLAT,VWAP_SHORT,SHORT,35,1.214285714285714,0.12857142857142856,15,1.4166666666666665,3.500000000000001,20,1.079365079365079,0.9999999999999989,P075_R175,0.75,1.75
VWAP_SHORT|06_0830|SD,VWAP_SHORT,SHORT,24,0.9714285714285711,-0.018750000000000117,14,0.8994708994708994,-0.9500000000000006,10,1.0793650793650793,0.49999999999999956,P075_R175,0.75,1.75
VWAP_SHORT|0830_11|DN,VWAP_SHORT,SHORT,84,0.9469901168014381,-0.03511904761904762,44,0.9251700680272107,-2.200000000000001,40,0.9714285714285712,-0.7500000000000004,P075_R175,0.75,1.75
VWAP_SHORT|0830_11|FLAT,VWAP_SHORT,SHORT,29,0.515151515151515,-0.38620689655172435,14,0.26984126984126977,-9.200000000000001,15,0.8095238095238094,-1.9999999999999993,P075_R175,0.75,1.75
VWAP_SHORT|0830_11|SD,VWAP_SHORT,SHORT,45,0.4047619047619048,-0.5000000000000001,29,0.515151515151515,-11.200000000000005,16,0.23129251700680264,-11.3,P075_R175,0.75,1.75
VWAP_SHORT|11_1330|DN,VWAP_SHORT,SHORT,32,1.107769423558897,0.06718749999999996,13,0.7195767195767194,-2.6500000000000004,19,1.4571428571428569,4.8,P075_R175,0.75,1.75
VWAP_SHORT|11_1330|FLAT,VWAP_SHORT,SHORT,10,1.0793650793650793,0.049999999999999954,6,0.8095238095238094,-0.8000000000000005,4,1.6190476190476188,1.2999999999999998,P075_R175,0.75,1.75
VWAP_SHORT|11_1330|SD,VWAP_SHORT,SHORT,8,2.698412698412698,0.66875,3,99.0,5.1,5,1.0793650793650793,0.24999999999999956,P075_R175,0.75,1.75
VWAP_SHORT|1330_1515|DN,VWAP_SHORT,SHORT,5,1.0793650793650793,0.04999999999999991,4,1.6190476190476188,1.2999999999999996,1,0.0,-1.05,P075_R175,0.75,1.75
VWAP_SHORT|1330_1515|FLAT,VWAP_SHORT,SHORT,5,0.0,-1.05,4,0.0,-4.2,1,0.0,-1.05,P075_R175,0.75,1.75
VWAP_SHORT|1330_1515|SD,VWAP_SHORT,SHORT,6,0.8095238095238094,-0.13333333333333341,6,0.8095238095238094,-0.8000000000000005,0,0.0,0.0,P075_R175,0.75,1.75
EXHAUST_LONG|02_06|DN,EXHAUST_LONG,LONG,70,0.8979591836734698,-0.07499999999999993,41,0.6758832565284177,-10.55,29,1.2804232804232802,5.300000000000002,P075_R225,0.75,2.25
EXHAUST_LONG|02_06|FLAT,EXHAUST_LONG,LONG,38,0.24649859943977595,-0.7078947368421055,23,0.09523809523809522,-20.900000000000006,15,0.5238095238095237,-6.000000000000003,P075_R225,0.75,2.25
EXHAUST_LONG|02_06|SD,EXHAUST_LONG,LONG,604,0.7359113667838495,-0.2052152317880794,322,0.7276349870492123,-68.34999999999998,282,0.745421245421245,-55.59999999999999,P075_R225,0.75,2.25
EXHAUST_LONG|02_06|SU,EXHAUST_LONG,LONG,1,99.0,2.2,0,0.0,0.0,1,99.0,2.2,P075_R225,0.75,2.25
EXHAUST_LONG|02_06|UP,EXHAUST_LONG,LONG,10,0.2328042328042328,-0.725,6,0.41904761904761906,-3.05,4,0.0,-4.2,P075_R225,0.75,2.25
EXHAUST_LONG|06_0830|DN,EXHAUST_LONG,LONG,50,0.9859943977591038,-0.009999999999999933,21,1.0476190476190472,0.7000000000000015,29,0.9428571428571427,-1.1999999999999995,P075_R225,0.75,2.25
EXHAUST_LONG|06_0830|FLAT,EXHAUST_LONG,LONG,19,0.39285714285714285,-0.536842105263158,3,1.0476190476190477,0.10000000000000009,16,0.2993197278911564,-10.3,P075_R225,0.75,2.25
EXHAUST_LONG|06_0830|SD,EXHAUST_LONG,LONG,318,1.047619047619047,0.033333333333333375,174,1.0749482401656312,9.050000000000011,144,1.0152184585174275,1.5500000000000114,P075_R225,0.75,2.25
EXHAUST_LONG|06_0830|UP,EXHAUST_LONG,LONG,3,0.0,-1.05,1,0.0,-1.05,2,0.0,-2.1,P075_R225,0.75,2.25
EXHAUST_LONG|0830_11|DN,EXHAUST_LONG,LONG,50,0.3410852713178295,-0.595,23,0.19954648526077096,-17.650000000000006,27,0.4761904761904761,-12.100000000000003,P075_R225,0.75,2.25
EXHAUST_LONG|0830_11|FLAT,EXHAUST_LONG,LONG,16,0.9523809523809522,-0.03437499999999999,9,0.598639455782313,-2.95,7,1.5714285714285714,2.4000000000000012,P075_R225,0.75,2.25
EXHAUST_LONG|0830_11|SD,EXHAUST_LONG,LONG,423,0.657202011239278,-0.27399527186761224,208,0.716436251920123,-46.149999999999984,215,0.6022241231822069,-69.74999999999999,P075_R225,0.75,2.25
EXHAUST_LONG|0830_11|UP,EXHAUST_LONG,LONG,7,2.7936507936507935,0.8071428571428573,5,3.142857142857143,4.500000000000001,2,2.0952380952380953,1.1500000000000001,P075_R225,0.75,2.25
EXHAUST_LONG|11_1330|DN,EXHAUST_LONG,LONG,12,0.19047619047619044,-0.7791666666666668,6,0.41904761904761906,-3.05,6,0.0,-6.3,P075_R225,0.75,2.25
EXHAUST_LONG|11_1330|FLAT,EXHAUST_LONG,LONG,2,0.0,-1.05,1,0.0,-1.05,1,0.0,-1.05,P075_R225,0.75,2.25
EXHAUST_LONG|11_1330|SD,EXHAUST_LONG,LONG,368,0.44947351878044944,-0.47595108695652183,209,0.42145593869731807,-105.69999999999999,159,0.48726467331118506,-69.44999999999997,P075_R225,0.75,2.25
EXHAUST_LONG|1330_1515|DN,EXHAUST_LONG,LONG,7,0.34920634920634924,-0.5857142857142856,2,0.0,-2.1,5,0.5238095238095238,-2.0,P075_R225,0.75,2.25
EXHAUST_LONG|1330_1515|SD,EXHAUST_LONG,LONG,211,0.44553913519430766,-0.4800947867298577,117,0.45833333333333337,-54.59999999999998,94,0.4297924297924299,-46.69999999999998,P075_R225,0.75,2.25
EXHAUST_LONG|1330_1515|SU,EXHAUST_LONG,LONG,1,99.0,2.2,0,0.0,0.0,1,99.0,2.2,P075_R225,0.75,2.25
EXHAUST_LONG|1330_1515|UP,EXHAUST_LONG,LONG,1,0.0,-1.05,0,0.0,0.0,1,0.0,-1.05,P075_R225,0.75,2.25
EXHAUST_SHORT|02_06|DN,EXHAUST_SHORT,SHORT,7,0.8380952380952381,-0.12142857142857141,3,0.0,-3.1500000000000004,4,2.0952380952380953,2.3000000000000007,P075_R225,0.75,2.25
EXHAUST_SHORT|02_06|FLAT,EXHAUST_SHORT,SHORT,21,0.6547619047619048,-0.2761904761904762,7,0.0,-7.35,14,1.164021164021164,1.5500000000000005,P075_R225,0.75,2.25
EXHAUST_SHORT|02_06|SU,EXHAUST_SHORT,SHORT,735,0.7566137566137564,-0.18775510204081627,329,0.7890017931858929,-52.949999999999974,406,0.7308970099667771,-85.04999999999998,P075_R225,0.75,2.25
EXHAUST_SHORT|02_06|UP,EXHAUST_SHORT,SHORT,84,0.9392446633825947,-0.044047619047618974,39,0.8231292517006801,-5.1999999999999975,45,1.0476190476190474,1.5000000000000033,P075_R225,0.75,2.25
EXHAUST_SHORT|06_0830|DN,EXHAUST_SHORT,SHORT,3,99.0,2.2,2,99.0,4.4,1,99.0,2.2,P075_R225,0.75,2.25
EXHAUST_SHORT|06_0830|FLAT,EXHAUST_SHORT,SHORT,19,0.24649859943977592,-0.7078947368421055,9,0.598639455782313,-2.95,10,0.0,-10.500000000000002,P075_R225,0.75,2.25
EXHAUST_SHORT|06_0830|SD,EXHAUST_SHORT,SHORT,3,1.0476190476190477,0.03333333333333336,3,1.0476190476190477,0.10000000000000009,0,0.0,0.0,P075_R225,0.75,2.25
EXHAUST_SHORT|06_0830|SU,EXHAUST_SHORT,SHORT,453,0.8432846822939698,-0.11732891832229578,199,0.8205128205128206,-26.94999999999999,254,0.861375661375661,-26.199999999999996,P075_R225,0.75,2.25
EXHAUST_SHORT|06_0830|UP,EXHAUST_SHORT,SHORT,48,0.8627450980392157,-0.10208333333333329,28,0.6984126984126983,-6.65,20,1.1282051282051277,1.7500000000000007,P075_R225,0.75,2.25
EXHAUST_SHORT|0830_11|DN,EXHAUST_SHORT,SHORT,5,1.3968253968253967,0.25000000000000006,4,2.0952380952380953,2.3000000000000003,1,0.0,-1.05,P075_R225,0.75,2.25
EXHAUST_SHORT|0830_11|FLAT,EXHAUST_SHORT,SHORT,19,0.24649859943977592,-0.7078947368421055,12,0.19047619047619044,-9.350000000000001,7,0.34920634920634924,-4.1,P075_R225,0.75,2.25
EXHAUST_SHORT|0830_11|SD,EXHAUST_SHORT,SHORT,2,0.0,-1.05,1,0.0,-1.05,1,0.0,-1.05,P075_R225,0.75,2.25
EXHAUST_SHORT|0830_11|SU,EXHAUST_SHORT,SHORT,444,0.758399065147531,-0.1862612612612612,225,0.6297825488576932,-67.24999999999999,219,0.9038281979458446,-15.449999999999987,P075_R225,0.75,2.25
EXHAUST_SHORT|0830_11|UP,EXHAUST_SHORT,SHORT,54,0.5359911406423035,-0.387962962962963,34,0.7542857142857142,-6.449999999999999,20,0.2328042328042328,-14.500000000000004,P075_R225,0.75,2.25
EXHAUST_SHORT|11_1330|FLAT,EXHAUST_SHORT,SHORT,2,0.0,-1.05,1,0.0,-1.05,1,0.0,-1.05,P075_R225,0.75,2.25
EXHAUST_SHORT|11_1330|SU,EXHAUST_SHORT,SHORT,442,0.4559884559884556,-0.4691176470588235,225,0.48087431693989063,-99.74999999999999,217,0.43068783068783073,-107.6,P075_R225,0.75,2.25
EXHAUST_SHORT|11_1330|UP,EXHAUST_SHORT,SHORT,15,0.32234432234432225,-0.6166666666666668,9,0.2619047619047619,-6.2,6,0.41904761904761906,-3.05,P075_R225,0.75,2.25
EXHAUST_SHORT|1330_1515|FLAT,EXHAUST_SHORT,SHORT,1,0.0,-1.05,0,0.0,0.0,1,0.0,-1.05,P075_R225,0.75,2.25
EXHAUST_SHORT|1330_1515|SU,EXHAUST_SHORT,SHORT,286,0.5919282511210758,-0.33409090909090905,133,0.6638378123526638,-35.650000000000006,153,0.5323965651834504,-59.89999999999999,P075_R225,0.75,2.25
EXHAUST_SHORT|1330_1515|UP,EXHAUST_SHORT,SHORT,9,0.598639455782313,-0.3277777777777778,6,0.41904761904761906,-3.05,3,1.0476190476190477,0.10000000000000009,P075_R225,0.75,2.25
PULLBACK_LONG|02_06|SU,PULLBACK_LONG,LONG,793,0.7943685300207037,-0.15655737704918027,395,0.778439153439153,-66.99999999999999,398,0.8103534096565451,-57.14999999999998,P075_R225,0.75,2.25
PULLBACK_LONG|02_06|UP,PULLBACK_LONG,LONG,144,0.9523809523809523,-0.03437499999999993,70,1.0253292806484304,1.2500000000000042,74,0.8864468864468871,-6.199999999999994,P075_R225,0.75,2.25
PULLBACK_LONG|06_0830|SU,PULLBACK_LONG,LONG,515,0.8938134810710985,-0.07815533980582519,262,0.9715349827081665,-5.349999999999987,253,0.8173731030873882,-34.89999999999999,P075_R225,0.75,2.25
PULLBACK_LONG|06_0830|UP,PULLBACK_LONG,LONG,117,0.894308943089431,-0.0777777777777777,53,0.7521367521367524,-10.150000000000002,64,1.0232558139534889,1.0500000000000025,P075_R225,0.75,2.25
PULLBACK_LONG|0830_11|SU,PULLBACK_LONG,LONG,456,0.515222482435597,-0.4085526315789474,189,0.49299719887955185,-81.44999999999999,267,0.5311871227364184,-104.84999999999998,P075_R225,0.75,2.25
PULLBACK_LONG|0830_11|UP,PULLBACK_LONG,LONG,139,0.6522911051212937,-0.27841726618705026,63,0.7132725430597775,-14.150000000000002,76,0.6037126715092819,-24.549999999999997,P075_R225,0.75,2.25
PULLBACK_LONG|11_1330|SU,PULLBACK_LONG,LONG,512,0.4897303499713136,-0.43427734375000004,248,0.5159128978224454,-101.15,264,0.4656084656084654,-121.19999999999999,P075_R225,0.75,2.25
PULLBACK_LONG|11_1330|UP,PULLBACK_LONG,LONG,92,0.5820105820105821,-0.34347826086956507,34,0.36124794745484395,-19.450000000000003,58,0.7308970099667775,-12.149999999999999,P075_R225,0.75,2.25
PULLBACK_LONG|1330_1515|SU,PULLBACK_LONG,LONG,411,0.35119047619047605,-0.5834549878345499,190,0.28856572569147426,-124.75,221,0.4077220077220077,-115.04999999999998,P075_R225,0.75,2.25
PULLBACK_LONG|1330_1515|UP,PULLBACK_LONG,LONG,68,0.40434419381787806,-0.5242647058823529,22,0.3308270676691729,-13.350000000000005,46,0.4411027568922308,-22.300000000000004,P075_R225,0.75,2.25
PULLBACK_SHORT|02_06|DN,PULLBACK_SHORT,SHORT,148,0.6012422360248446,-0.3253378378378378,80,0.6984126984126988,-18.999999999999993,68,0.49523809523809537,-29.150000000000002,P075_R225,0.75,2.25
PULLBACK_SHORT|02_06|SD,PULLBACK_SHORT,SHORT,796,0.6660359508041626,-0.2660804020100502,421,0.6699507389162558,-110.54999999999998,375,0.6616541353383457,-101.24999999999996,P075_R225,0.75,2.25
PULLBACK_SHORT|06_0830|DN,PULLBACK_SHORT,SHORT,129,0.7202380952380951,-0.21860465116279063,63,0.9047619047619052,-4.399999999999997,66,0.5641025641025642,-23.799999999999997,P075_R225,0.75,2.25
PULLBACK_SHORT|06_0830|SD,PULLBACK_SHORT,SHORT,458,0.8942293428274735,-0.07783842794759821,229,0.8126984126984126,-32.44999999999999,229,0.9804639804639802,-3.1999999999999886,P075_R225,0.75,2.25
PULLBACK_SHORT|0830_11|DN,PULLBACK_SHORT,SHORT,145,0.5697577276524645,-0.35517241379310344,78,0.5839188134270104,-26.650000000000002,67,0.5534591194968554,-24.85,P075_R225,0.75,2.25
PULLBACK_SHORT|0830_11|SD,PULLBACK_SHORT,SHORT,551,0.6211764705882349,-0.30680580762250453,283,0.5757185757185754,-98.89999999999998,268,0.6708890452732815,-70.14999999999999,P075_R225,0.75,2.25
PULLBACK_SHORT|11_1330|DN,PULLBACK_SHORT,SHORT,128,0.4112149532710281,-0.516796875,68,0.4489795918367347,-32.4,60,0.36974789915966394,-33.74999999999999,P075_R225,0.75,2.25
PULLBACK_SHORT|11_1330|SD,PULLBACK_SHORT,SHORT,692,0.43956043956043944,-0.48641618497109823,367,0.4094927873429501,-190.34999999999997,325,0.47439353099730436,-146.25,P075_R225,0.75,2.25
PULLBACK_SHORT|1330_1515|DN,PULLBACK_SHORT,SHORT,42,0.7434715821812595,-0.19880952380952385,23,0.44110275689223055,-11.150000000000006,19,1.2222222222222219,2.8000000000000007,P075_R225,0.75,2.25
PULLBACK_SHORT|1330_1515|SD,PULLBACK_SHORT,SHORT,428,0.31541218637992824,-0.624766355140187,221,0.25525743292240755,-154.04999999999998,207,0.3831292517006803,-113.35,P075_R225,0.75,2.25
SWEEP_LONG|02_06|DN,SWEEP_LONG,LONG,90,0.761904761904762,-0.18333333333333326,47,0.5662805662805664,-16.850000000000005,43,1.0114942528735629,0.350000000000001,P075_R225,0.75,2.25
SWEEP_LONG|02_06|FLAT,SWEEP_LONG,LONG,83,0.665154950869237,-0.26686746987951804,45,0.598639455782313,-14.750000000000004,38,0.748299319727891,-7.400000000000002,P075_R225,0.75,2.25
SWEEP_LONG|02_06|SD,SWEEP_LONG,LONG,369,0.6758832565284176,-0.25731707317073166,195,0.684159378036929,-48.749999999999986,174,0.6666666666666667,-46.19999999999999,P075_R225,0.75,2.25
SWEEP_LONG|02_06|SU,SWEEP_LONG,LONG,181,0.8908886389201344,-0.08038674033149165,73,0.9038281979458456,-5.149999999999995,108,0.8822055137844612,-9.39999999999999,P075_R225,0.75,2.25
SWEEP_LONG|02_06|UP,SWEEP_LONG,LONG,71,1.0699088145896662,0.0485915492957747,27,1.4404761904761905,7.400000000000003,44,0.878648233486943,-3.9499999999999984,P075_R225,0.75,2.25
SWEEP_LONG|06_0830|DN,SWEEP_LONG,LONG,87,0.6254442075337601,-0.3028735632183908,36,0.41904761904761895,-18.300000000000004,51,0.792792792792793,-8.049999999999997,P075_R225,0.75,2.25
SWEEP_LONG|06_0830|FLAT,SWEEP_LONG,LONG,94,0.6402116402116405,-0.28936170212765955,44,0.3963963963963965,-23.450000000000003,50,0.8979591836734696,-3.7499999999999982,P075_R225,0.75,2.25
SWEEP_LONG|06_0830|SD,SWEEP_LONG,LONG,239,0.9958847736625508,-0.002928870292886952,129,1.0114942528735633,1.0500000000000105,110,0.977777777777778,-1.7499999999999956,P075_R225,0.75,2.25
SWEEP_LONG|06_0830|SU,SWEEP_LONG,LONG,115,0.9547920433996386,-0.032608695652173884,52,1.0176870748299323,0.650000000000003,63,0.9047619047619052,-4.399999999999995,P075_R225,0.75,2.25
SWEEP_LONG|06_0830|UP,SWEEP_LONG,LONG,89,0.7736263736263737,-0.17359550561797746,42,0.6547619047619048,-11.600000000000001,47,0.8888888888888888,-3.849999999999998,P075_R225,0.75,2.25
SWEEP_LONG|0830_11|DN,SWEEP_LONG,LONG,67,0.3675856307435255,-0.5649253731343282,36,0.1904761904761905,-28.050000000000004,31,0.6111111111111109,-9.8,P075_R225,0.75,2.25
SWEEP_LONG|0830_11|FLAT,SWEEP_LONG,LONG,61,0.6241134751773052,-0.3040983606557377,35,0.34920634920634913,-20.500000000000004,26,1.1092436974789917,1.9500000000000017,P075_R225,0.75,2.25
SWEEP_LONG|0830_11|SD,SWEEP_LONG,LONG,239,0.5970302099334357,-0.3292887029288702,117,0.5986394557823129,-38.34999999999998,122,0.5954887218045114,-40.349999999999994,P075_R225,0.75,2.25
SWEEP_LONG|0830_11|SU,SWEEP_LONG,LONG,86,0.594171997157072,-0.3319767441860465,33,0.9109730848861282,-2.1499999999999995,53,0.4285714285714287,-26.400000000000002,P075_R225,0.75,2.25
SWEEP_LONG|0830_11|UP,SWEEP_LONG,LONG,54,0.7333333333333333,-0.20740740740740746,33,0.7857142857142857,-5.3999999999999995,21,0.6547619047619048,-5.800000000000001,P075_R225,0.75,2.25
SWEEP_LONG|11_1330|DN,SWEEP_LONG,LONG,33,0.6704761904761904,-0.26212121212121214,17,1.1428571428571426,1.6500000000000006,16,0.2993197278911564,-10.3,P075_R225,0.75,2.25
SWEEP_LONG|11_1330|FLAT,SWEEP_LONG,LONG,39,0.5407066052227343,-0.3833333333333334,14,0.5714285714285714,-4.949999999999999,25,0.5238095238095237,-10.000000000000002,P075_R225,0.75,2.25
SWEEP_LONG|11_1330|SD,SWEEP_LONG,LONG,194,0.4452380952380952,-0.4804123711340206,100,0.34108527131782945,-59.49999999999999,94,0.5662805662805664,-33.699999999999996,P075_R225,0.75,2.25
SWEEP_LONG|11_1330|SU,SWEEP_LONG,LONG,128,0.5340802987861812,-0.38984375000000004,62,0.35579514824797853,-35.84999999999999,66,0.7269193391642373,-14.049999999999997,P075_R225,0.75,2.25
SWEEP_LONG|11_1330|UP,SWEEP_LONG,LONG,33,0.2889983579638752,-0.6560606060606061,11,0.2095238095238095,-8.3,22,0.3308270676691729,-13.350000000000005,P075_R225,0.75,2.25
SWEEP_LONG|1330_1515|DN,SWEEP_LONG,LONG,29,0.5465838509316768,-0.3775862068965518,17,0.6446886446886445,-4.85,12,0.419047619047619,-6.1,P075_R225,0.75,2.25
SWEEP_LONG|1330_1515|FLAT,SWEEP_LONG,LONG,26,0.3809523809523809,-0.55,14,0.0,-14.700000000000005,12,1.0476190476190477,0.40000000000000036,P075_R225,0.75,2.25
SWEEP_LONG|1330_1515|SD,SWEEP_LONG,LONG,140,0.4334975369458128,-0.4928571428571429,66,0.24858757062146894,-46.55,74,0.6248955722639935,-22.449999999999996,P075_R225,0.75,2.25
SWEEP_LONG|1330_1515|SU,SWEEP_LONG,LONG,103,0.4141749723145073,-0.5135922330097085,45,0.4530244530244532,-21.250000000000004,58,0.38483965014577265,-31.65,P075_R225,0.75,2.25
SWEEP_LONG|1330_1515|UP,SWEEP_LONG,LONG,30,0.5238095238095237,-0.40000000000000013,14,0.5714285714285714,-4.949999999999999,16,0.4835164835164834,-7.050000000000001,P075_R225,0.75,2.25
SWEEP_SHORT|02_06|DN,SWEEP_SHORT,SHORT,72,0.8058608058608063,-0.1472222222222222,36,1.0476190476190474,1.2000000000000022,36,0.5986394557823128,-11.8,P075_R225,0.75,2.25
SWEEP_SHORT|02_06|FLAT,SWEEP_SHORT,SHORT,87,0.585434173669468,-0.34022988505747126,42,0.5714285714285715,-14.850000000000001,45,0.598639455782313,-14.750000000000002,P075_R225,0.75,2.25
SWEEP_SHORT|02_06|SD,SWEEP_SHORT,SHORT,158,0.6182669789227165,-0.3094936708860759,79,0.8086883876357565,-11.450000000000003,79,0.45128205128205123,-37.44999999999998,P075_R225,0.75,2.25
SWEEP_SHORT|02_06|SU,SWEEP_SHORT,SHORT,424,0.7250188964474674,-0.21450471698113205,189,0.7952728536670142,-29.449999999999992,235,0.6709470304975921,-61.499999999999986,P075_R225,0.75,2.25
SWEEP_SHORT|02_06|UP,SWEEP_SHORT,SHORT,104,0.973843058350101,-0.018749999999999892,52,1.1092436974789919,3.900000000000005,52,0.8494208494208497,-5.849999999999995,P075_R225,0.75,2.25
SWEEP_SHORT|06_0830|DN,SWEEP_SHORT,SHORT,69,0.7961904761904766,-0.15507246376811598,28,0.6984126984126983,-6.6499999999999995,41,0.8669950738916253,-4.049999999999999,P075_R225,0.75,2.25
SWEEP_SHORT|06_0830|FLAT,SWEEP_SHORT,SHORT,76,0.8536155202821876,-0.10921052631578941,39,1.0476190476190474,1.3000000000000014,37,0.6734693877551019,-9.600000000000005,P075_R225,0.75,2.25
SWEEP_SHORT|06_0830|SD,SWEEP_SHORT,SHORT,102,0.7167919799498749,-0.22156862745098038,52,0.6984126984126987,-12.35,50,0.7361647361647363,-10.25,P075_R225,0.75,2.25
SWEEP_SHORT|06_0830|SU,SWEEP_SHORT,SHORT,308,0.9487870619946087,-0.03701298701298694,141,1.047619047619048,4.700000000000003,167,0.8700564971751411,-16.099999999999987,P075_R225,0.75,2.25
SWEEP_SHORT|06_0830|UP,SWEEP_SHORT,SHORT,76,1.3664596273291933,0.2328947368421053,40,1.3968253968253967,10.000000000000002,36,1.3333333333333328,7.700000000000003,P075_R225,0.75,2.25
SWEEP_SHORT|0830_11|DN,SWEEP_SHORT,SHORT,65,0.523809523809524,-0.4,37,0.7760141093474425,-6.349999999999997,28,0.2514285714285714,-19.650000000000006,P075_R225,0.75,2.25
SWEEP_SHORT|0830_11|FLAT,SWEEP_SHORT,SHORT,45,0.598639455782313,-0.3277777777777778,21,0.6547619047619048,-5.799999999999999,24,0.5513784461152882,-8.950000000000001,P075_R225,0.75,2.25
SWEEP_SHORT|0830_11|SD,SWEEP_SHORT,SHORT,97,0.38327526132404177,-0.5474226804123712,43,0.2756892230576442,-28.900000000000002,54,0.47619047619047633,-24.200000000000003,P075_R225,0.75,2.25
SWEEP_SHORT|0830_11|SU,SWEEP_SHORT,SHORT,249,0.7556596409055422,-0.18855421686746984,108,0.8435374149659867,-12.649999999999991,141,0.6918238993710691,-34.3,P075_R225,0.75,2.25
SWEEP_SHORT|0830_11|UP,SWEEP_SHORT,SHORT,67,0.6573295985060693,-0.2738805970149254,33,0.4656084656084655,-15.15,34,0.8730158730158729,-3.1999999999999993,P075_R225,0.75,2.25
SWEEP_SHORT|11_1330|DN,SWEEP_SHORT,SHORT,51,0.5761904761904761,-0.3490196078431373,25,0.5238095238095237,-10.000000000000002,26,0.6285714285714284,-7.800000000000001,P075_R225,0.75,2.25
SWEEP_SHORT|11_1330|FLAT,SWEEP_SHORT,SHORT,53,0.6132404181184669,-0.31415094339622646,28,0.6984126984126983,-6.6499999999999995,25,0.5238095238095237,-10.000000000000002,P075_R225,0.75,2.25
SWEEP_SHORT|11_1330|SD,SWEEP_SHORT,SHORT,150,0.41904761904761884,-0.5083333333333333,66,0.20952380952380956,-49.8,84,0.6124542124542126,-26.45,P075_R225,0.75,2.25
SWEEP_SHORT|11_1330|SU,SWEEP_SHORT,SHORT,238,0.5155821490900026,-0.4081932773109243,108,0.5359911406423037,-41.89999999999999,130,0.49886621315192736,-55.25,P075_R225,0.75,2.25
SWEEP_SHORT|11_1330|UP,SWEEP_SHORT,SHORT,53,0.2674772036474165,-0.682075471698113,26,0.0838095238095238,-24.050000000000004,27,0.4761904761904761,-12.100000000000003,P075_R225,0.75,2.25
SWEEP_SHORT|1330_1515|DN,SWEEP_SHORT,SHORT,26,0.6285714285714284,-0.30000000000000004,14,0.5714285714285714,-4.949999999999999,12,0.6984126984126984,-2.8499999999999996,P075_R225,0.75,2.25
SWEEP_SHORT|1330_1515|FLAT,SWEEP_SHORT,SHORT,32,0.6984126984126984,-0.2375,18,0.5986394557823128,-5.8999999999999995,14,0.838095238095238,-1.6999999999999997,P075_R225,0.75,2.25
SWEEP_SHORT|1330_1515|SD,SWEEP_SHORT,SHORT,82,0.3591836734693878,-0.574390243902439,38,0.24649859943977595,-26.900000000000006,44,0.46560846560846575,-20.200000000000003,P075_R225,0.75,2.25
SWEEP_SHORT|1330_1515|SU,SWEEP_SHORT,SHORT,153,0.819047619047619,-0.13660130718954241,57,0.8904761904761906,-4.599999999999997,96,0.7782312925170071,-16.299999999999997,P075_R225,0.75,2.25
SWEEP_SHORT|1330_1515|UP,SWEEP_SHORT,SHORT,27,0.3643892339544513,-0.5685185185185186,12,0.6984126984126984,-2.8499999999999996,15,0.1496598639455782,-12.500000000000004,P075_R225,0.75,2.25
VWAP_LONG|02_06|FLAT,VWAP_LONG,LONG,39,0.7224958949096879,-0.21666666666666665,22,0.6162464985994397,-6.850000000000001,17,0.8730158730158728,-1.5999999999999996,P075_R225,0.75,2.25
VWAP_LONG|02_06|SU,VWAP_LONG,LONG,153,0.7167919799498748,-0.22156862745098038,70,0.7252747252747256,-15.000000000000004,83,0.7096774193548392,-18.9,P075_R225,0.75,2.25
VWAP_LONG|02_06|UP,VWAP_LONG,LONG,114,0.8904761904761904,-0.08070175438596486,48,0.7782312925170068,-8.149999999999999,66,0.9777777777777784,-1.049999999999994,P075_R225,0.75,2.25
VWAP_LONG|06_0830|FLAT,VWAP_LONG,LONG,26,1.1092436974789917,0.07500000000000004,12,1.0476190476190477,0.4000000000000008,14,1.164021164021164,1.550000000000001,P075_R225,0.75,2.25
VWAP_LONG|06_0830|SU,VWAP_LONG,LONG,30,1.0476190476190474,0.033333333333333354,15,1.3968253968253965,3.750000000000001,15,0.7619047619047618,-2.749999999999999,P075_R225,0.75,2.25
VWAP_LONG|06_0830|UP,VWAP_LONG,LONG,82,1.0285714285714291,0.02012195121951226,44,0.7857142857142856,-7.200000000000002,38,1.3664596273291922,8.850000000000001,P075_R225,0.75,2.25
VWAP_LONG|0830_11|FLAT,VWAP_LONG,LONG,25,0.5238095238095237,-0.4000000000000001,11,0.4656084656084656,-5.05,14,0.5714285714285714,-4.949999999999999,P075_R225,0.75,2.25
VWAP_LONG|0830_11|SU,VWAP_LONG,LONG,46,0.8253968253968254,-0.13152173913043472,28,0.838095238095238,-3.3999999999999995,18,0.8058608058608057,-2.6499999999999995,P075_R225,0.75,2.25
VWAP_LONG|0830_11|UP,VWAP_LONG,LONG,74,0.5779967159277506,-0.3472972972972973,39,0.45833333333333326,-18.200000000000006,35,0.7252747252747251,-7.500000000000003,P075_R225,0.75,2.25
VWAP_LONG|11_1330|FLAT,VWAP_LONG,LONG,10,0.2328042328042328,-0.725,3,1.0476190476190477,0.10000000000000009,7,0.0,-7.35,P075_R225,0.75,2.25
VWAP_LONG|11_1330|SU,VWAP_LONG,LONG,9,0.0,-1.05,4,0.0,-4.2,5,0.0,-5.25,P075_R225,0.75,2.25
VWAP_LONG|11_1330|UP,VWAP_LONG,LONG,31,0.0,-1.05,8,0.0,-8.4,23,0.0,-24.150000000000006,P075_R225,0.75,2.25
VWAP_LONG|1330_1515|FLAT,VWAP_LONG,LONG,2,0.0,-1.05,1,0.0,-1.05,1,0.0,-1.05,P075_R225,0.75,2.25
VWAP_LONG|1330_1515|SU,VWAP_LONG,LONG,19,0.24649859943977592,-0.7078947368421055,15,0.1496598639455782,-12.500000000000004,4,0.6984126984126984,-0.95,P075_R225,0.75,2.25
VWAP_LONG|1330_1515|UP,VWAP_LONG,LONG,7,1.5714285714285714,0.34285714285714297,5,1.3968253968253967,1.2500000000000007,2,2.0952380952380953,1.1500000000000001,P075_R225,0.75,2.25
VWAP_SHORT|02_06|DN,VWAP_SHORT,SHORT,98,0.7175472928897587,-0.22091836734693873,58,0.8687572590011616,-5.649999999999996,40,0.5238095238095238,-16.0,P075_R225,0.75,2.25
VWAP_SHORT|02_06|FLAT,VWAP_SHORT,SHORT,28,1.164021164021164,0.11071428571428575,13,0.9312169312169312,-0.6499999999999997,15,1.3968253968253965,3.7500000000000027,P075_R225,0.75,2.25
VWAP_SHORT|02_06|SD,VWAP_SHORT,SHORT,164,0.8669950738916253,-0.09878048780487803,92,1.1174603174603177,7.400000000000007,72,0.598639455782313,-23.599999999999998,P075_R225,0.75,2.25
VWAP_SHORT|06_0830|DN,VWAP_SHORT,SHORT,80,0.4835164835164835,-0.440625,45,0.4530244530244532,-21.250000000000004,35,0.5238095238095236,-14.000000000000002,P075_R225,0.75,2.25
VWAP_SHORT|06_0830|FLAT,VWAP_SHORT,SHORT,35,1.0931677018633537,0.06428571428571436,15,1.3968253968253965,3.7500000000000018,20,0.897959183673469,-1.4999999999999993,P075_R225,0.75,2.25
VWAP_SHORT|06_0830|SD,VWAP_SHORT,SHORT,24,0.8627450980392155,-0.10208333333333332,14,0.5714285714285714,-4.949999999999999,10,1.396825396825397,2.5000000000000004,P075_R225,0.75,2.25
VWAP_SHORT|0830_11|DN,VWAP_SHORT,SHORT,84,0.6984126984126989,-0.2375,44,0.6162464985994398,-13.700000000000001,40,0.7947454844006566,-6.249999999999999,P075_R225,0.75,2.25
VWAP_SHORT|0830_11|FLAT,VWAP_SHORT,SHORT,29,0.5465838509316768,-0.3775862068965518,14,0.34920634920634913,-8.200000000000001,15,0.7619047619047618,-2.749999999999999,P075_R225,0.75,2.25
VWAP_SHORT|0830_11|SD,VWAP_SHORT,SHORT,45,0.38596491228070184,-0.5444444444444445,29,0.43650793650793646,-14.200000000000005,16,0.2993197278911564,-10.3,P075_R225,0.75,2.25
VWAP_SHORT|11_1330|DN,VWAP_SHORT,SHORT,32,0.8198757763975154,-0.13593749999999996,13,0.6285714285714286,-3.8999999999999995,19,0.9670329670329667,-0.4499999999999993,P075_R225,0.75,2.25
VWAP_SHORT|11_1330|FLAT,VWAP_SHORT,SHORT,10,0.5238095238095238,-0.4,6,0.41904761904761906,-3.05,4,0.6984126984126984,-0.9500000000000002,P075_R225,0.75,2.25
VWAP_SHORT|11_1330|SD,VWAP_SHORT,SHORT,8,0.6984126984126985,-0.2375,3,1.0476190476190477,0.10000000000000009,5,0.5238095238095238,-2.0,P075_R225,0.75,2.25
VWAP_SHORT|1330_1515|DN,VWAP_SHORT,SHORT,5,0.5238095238095238,-0.4,4,0.6984126984126984,-0.95,1,0.0,-1.05,P075_R225,0.75,2.25
VWAP_SHORT|1330_1515|FLAT,VWAP_SHORT,SHORT,5,0.0,-1.05,4,0.0,-4.2,1,0.0,-1.05,P075_R225,0.75,2.25
VWAP_SHORT|1330_1515|SD,VWAP_SHORT,SHORT,6,1.0476190476190477,0.03333333333333344,6,1.0476190476190477,0.20000000000000062,0,0.0,0.0,P075_R225,0.75,2.25
EXHAUST_LONG|02_06|DN,EXHAUST_LONG,LONG,70,0.7619047619047622,-0.19285714285714287,41,0.6233766233766235,-13.05,29,0.9795918367346937,-0.45000000000000084,P075_R275,0.75,2.75
EXHAUST_LONG|02_06|FLAT,EXHAUST_LONG,LONG,38,0.2204081632653062,-0.7539473684210526,23,0.11688311688311687,-20.400000000000006,15,0.39560439560439553,-8.250000000000004,P075_R275,0.75,2.75
EXHAUST_LONG|02_06|SD,EXHAUST_LONG,LONG,604,0.6243386243386241,-0.31738410596026484,322,0.625482625482625,-101.85,282,0.6230333543108868,-89.85,P075_R275,0.75,2.75
EXHAUST_LONG|02_06|SU,EXHAUST_LONG,LONG,1,0.0,-1.05,0,0.0,0.0,1,0.0,-1.05,P075_R275,0.75,2.75
EXHAUST_LONG|02_06|UP,EXHAUST_LONG,LONG,10,0.2857142857142857,-0.675,6,0.5142857142857143,-2.55,4,0.0,-4.2,P075_R275,0.75,2.75
EXHAUST_LONG|06_0830|DN,EXHAUST_LONG,LONG,50,0.9034749034749038,-0.07499999999999993,21,0.8035714285714285,-3.3,29,0.9795918367346937,-0.44999999999999907,P075_R275,0.75,2.75
EXHAUST_LONG|06_0830|FLAT,EXHAUST_LONG,LONG,19,0.3025210084033613,-0.655263157894737,3,1.2857142857142858,0.6000000000000001,16,0.17142857142857137,-13.05,P075_R275,0.75,2.75
EXHAUST_LONG|06_0830|SD,EXHAUST_LONG,LONG,318,0.9532019704433491,-0.03584905660377357,174,0.9795918367346931,-2.699999999999994,144,0.921832884097035,-8.699999999999985,P075_R275,0.75,2.75
EXHAUST_LONG|06_0830|UP,EXHAUST_LONG,LONG,3,0.0,-1.05,1,0.0,-1.05,2,0.0,-2.1,P075_R275,0.75,2.75
EXHAUST_LONG|0830_11|DN,EXHAUST_LONG,LONG,50,0.2857142857142858,-0.6749999999999998,23,0.24489795918367344,-16.650000000000006,27,0.32142857142857145,-17.100000000000005,P075_R275,0.75,2.75
EXHAUST_LONG|0830_11|FLAT,EXHAUST_LONG,LONG,16,0.857142857142857,-0.11249999999999999,9,0.7346938775510204,-1.9500000000000002,7,1.0285714285714287,0.1499999999999999,P075_R275,0.75,2.75
EXHAUST_LONG|0830_11|SD,EXHAUST_LONG,LONG,423,0.4925553319919514,-0.44716312056737584,208,0.5024630541871922,-90.9,215,0.48303078137332284,-98.24999999999999,P075_R275,0.75,2.75
EXHAUST_LONG|0830_11|UP,EXHAUST_LONG,LONG,7,1.9285714285714288,0.5571428571428573,5,1.7142857142857142,2.250000000000001,2,2.5714285714285716,1.6500000000000001,P075_R275,0.75,2.75
EXHAUST_LONG|11_1330|DN,EXHAUST_LONG,LONG,12,0.0,-1.0500000000000003,6,0.0,-6.3,6,0.0,-6.3,P075_R275,0.75,2.75
EXHAUST_LONG|11_1330|FLAT,EXHAUST_LONG,LONG,2,0.0,-1.05,1,0.0,-1.05,1,0.0,-1.05,P075_R275,0.75,2.75
EXHAUST_LONG|11_1330|SD,EXHAUST_LONG,LONG,368,0.3312883435582822,-0.6220108695652175,209,0.3179723502304148,-133.20000000000002,159,0.34897959183673477,-95.69999999999999,P075_R275,0.75,2.75
EXHAUST_LONG|1330_1515|DN,EXHAUST_LONG,LONG,7,0.4285714285714286,-0.5142857142857142,2,0.0,-2.1,5,0.6428571428571429,-1.5,P075_R275,0.75,2.75
EXHAUST_LONG|1330_1515|SD,EXHAUST_LONG,LONG,211,0.3613899613899614,-0.5879146919431281,117,0.4371428571428571,-59.09999999999998,94,0.27226890756302524,-64.94999999999999,P075_R275,0.75,2.75
EXHAUST_LONG|1330_1515|SU,EXHAUST_LONG,LONG,1,99.0,2.7,0,0.0,0.0,1,99.0,2.7,P075_R275,0.75,2.75
EXHAUST_LONG|1330_1515|UP,EXHAUST_LONG,LONG,1,0.0,-1.05,0,0.0,0.0,1,0.0,-1.05,P075_R275,0.75,2.75
EXHAUST_SHORT|02_06|DN,EXHAUST_SHORT,SHORT,7,1.0285714285714287,0.021428571428571446,3,0.0,-3.1500000000000004,4,2.5714285714285716,3.3000000000000007,P075_R275,0.75,2.75
EXHAUST_SHORT|02_06|FLAT,EXHAUST_SHORT,SHORT,21,0.2706766917293233,-0.6928571428571431,7,0.0,-7.35,14,0.4285714285714285,-7.199999999999999,P075_R275,0.75,2.75
EXHAUST_SHORT|02_06|SU,EXHAUST_SHORT,SHORT,735,0.5891065456282847,-0.3510204081632653,329,0.6331168831168829,-101.7,406,0.5543199315654405,-156.3,P075_R275,0.75,2.75
EXHAUST_SHORT|02_06|UP,EXHAUST_SHORT,SHORT,84,0.8571428571428577,-0.11249999999999995,39,0.7714285714285712,-7.199999999999999,45,0.935064935064935,-2.2499999999999982,P075_R275,0.75,2.75
EXHAUST_SHORT|06_0830|DN,EXHAUST_SHORT,SHORT,3,99.0,2.7000000000000006,2,99.0,5.4,1,99.0,2.7,P075_R275,0.75,2.75
EXHAUST_SHORT|06_0830|FLAT,EXHAUST_SHORT,SHORT,19,0.3025210084033613,-0.655263157894737,9,0.7346938775510204,-1.95,10,0.0,-10.500000000000002,P075_R275,0.75,2.75
EXHAUST_SHORT|06_0830|SD,EXHAUST_SHORT,SHORT,3,0.0,-1.05,3,0.0,-3.1500000000000004,0,0.0,0.0,P075_R275,0.75,2.75
EXHAUST_SHORT|06_0830|SU,EXHAUST_SHORT,SHORT,453,0.7191283292978207,-0.23046357615894042,199,0.6878980891719745,-51.45,254,0.7440174039158809,-52.95000000000001,P075_R275,0.75,2.75
EXHAUST_SHORT|06_0830|UP,EXHAUST_SHORT,SHORT,48,0.6766917293233086,-0.26874999999999993,28,0.5590062111801241,-10.650000000000002,20,0.8571428571428569,-2.249999999999999,P075_R275,0.75,2.75
EXHAUST_SHORT|0830_11|DN,EXHAUST_SHORT,SHORT,5,0.0,-1.05,4,0.0,-4.2,1,0.0,-1.05,P075_R275,0.75,2.75
EXHAUST_SHORT|0830_11|FLAT,EXHAUST_SHORT,SHORT,19,0.0,-1.05,12,0.0,-12.600000000000003,7,0.0,-7.35,P075_R275,0.75,2.75
EXHAUST_SHORT|0830_11|SD,EXHAUST_SHORT,SHORT,2,0.0,-1.05,1,0.0,-1.05,1,0.0,-1.05,P075_R275,0.75,2.75
EXHAUST_SHORT|0830_11|SU,EXHAUST_SHORT,SHORT,444,0.573789846517119,-0.36587837837837833,225,0.5225362872421696,-93.75,219,0.6282467532467532,-68.69999999999997,P075_R275,0.75,2.75
EXHAUST_SHORT|0830_11|UP,EXHAUST_SHORT,SHORT,54,0.38297872340425543,-0.563888888888889,34,0.5510204081632651,-13.200000000000003,20,0.13533834586466165,-17.250000000000004,P075_R275,0.75,2.75
EXHAUST_SHORT|11_1330|FLAT,EXHAUST_SHORT,SHORT,2,0.0,-1.05,1,0.0,-1.05,1,0.0,-1.05,P075_R275,0.75,2.75
EXHAUST_SHORT|11_1330|SU,EXHAUST_SHORT,SHORT,442,0.3354037267080744,-0.6173076923076923,225,0.3506493506493507,-135.0,217,0.31976313841598814,-137.85000000000002,P075_R275,0.75,2.75
EXHAUST_SHORT|11_1330|UP,EXHAUST_SHORT,SHORT,15,0.39560439560439553,-0.55,9,0.32142857142857145,-5.7,6,0.5142857142857143,-2.55,P075_R275,0.75,2.75
EXHAUST_SHORT|1330_1515|FLAT,EXHAUST_SHORT,SHORT,1,0.0,-1.05,0,0.0,0.0,1,0.0,-1.05,P075_R275,0.75,2.75
EXHAUST_SHORT|1330_1515|SU,EXHAUST_SHORT,SHORT,286,0.43032069970845466,-0.5124125874125873,133,0.4551201011378002,-64.64999999999998,153,0.4090909090909092,-81.9,P075_R275,0.75,2.75
EXHAUST_SHORT|1330_1515|UP,EXHAUST_SHORT,SHORT,9,0.32142857142857145,-0.6333333333333333,6,0.0,-6.3,3,1.2857142857142858,0.6000000000000001,P075_R275,0.75,2.75
PULLBACK_LONG|02_06|SU,PULLBACK_LONG,LONG,793,0.6398200224971876,-0.3028373266078185,395,0.5829636202307008,-141.0,398,0.6983112733911453,-99.14999999999998,P075_R275,0.75,2.75
PULLBACK_LONG|02_06|UP,PULLBACK_LONG,LONG,144,0.8891855807743658,-0.08645833333333326,70,1.028571428571429,1.5000000000000042,74,0.7669172932330829,-13.949999999999996,P075_R275,0.75,2.75
PULLBACK_LONG|06_0830|SU,PULLBACK_LONG,LONG,515,0.8593634344929679,-0.11067961165048543,262,0.9374999999999993,-12.600000000000001,253,0.7820324005891012,-44.39999999999999,P075_R275,0.75,2.75
PULLBACK_LONG|06_0830|UP,PULLBACK_LONG,LONG,117,0.5954887218045115,-0.34487179487179476,53,0.3913043478260871,-29.399999999999988,64,0.7871720116618078,-10.949999999999998,P075_R275,0.75,2.75
PULLBACK_LONG|0830_11|SU,PULLBACK_LONG,LONG,456,0.4428938670583913,-0.4990131578947369,189,0.4101665205959685,-100.94999999999999,267,0.4664981036662451,-126.6,P075_R275,0.75,2.75
PULLBACK_LONG|0830_11|UP,PULLBACK_LONG,LONG,139,0.4835164835164836,-0.45647482014388474,63,0.543956043956044,-24.900000000000002,76,0.4351648351648352,-38.54999999999998,P075_R275,0.75,2.75
PULLBACK_LONG|11_1330|SU,PULLBACK_LONG,LONG,512,0.39382239382239353,-0.551953125,248,0.46530612244897956,-117.9,264,0.32967032967032966,-164.7,P075_R275,0.75,2.75
PULLBACK_LONG|11_1330|UP,PULLBACK_LONG,LONG,92,0.5009276437847867,-0.438586956521739,34,0.2488479262672811,-24.450000000000003,58,0.6708074534161492,-15.899999999999999,P075_R275,0.75,2.75
PULLBACK_LONG|1330_1515|SU,PULLBACK_LONG,LONG,411,0.17365491651205936,-0.8127737226277374,190,0.11302982731554159,-169.5,221,0.22800844475721324,-164.55,P075_R275,0.75,2.75
PULLBACK_LONG|1330_1515|UP,PULLBACK_LONG,LONG,68,0.1186813186813187,-0.8845588235294116,22,0.12244897959183672,-19.350000000000005,46,0.11688311688311692,-40.79999999999998,P075_R275,0.75,2.75
PULLBACK_SHORT|02_06|DN,PULLBACK_SHORT,SHORT,148,0.5226480836236932,-0.41655405405405393,80,0.6428571428571429,-24.0,68,0.39225181598062964,-37.64999999999999,P075_R275,0.75,2.75
PULLBACK_SHORT|02_06|SD,PULLBACK_SHORT,SHORT,796,0.5345761977021459,-0.40458542713567835,421,0.5304952926729429,-172.05,375,0.5391705069124423,-149.99999999999994,P075_R275,0.75,2.75
PULLBACK_SHORT|06_0830|DN,PULLBACK_SHORT,SHORT,129,0.5877551020408163,-0.35232558139534886,63,0.6685714285714287,-17.400000000000002,66,0.5142857142857145,-28.050000000000004,P075_R275,0.75,2.75
PULLBACK_SHORT|06_0830|SD,PULLBACK_SHORT,SHORT,458,0.8822790113112692,-0.09203056768558948,229,0.7554479418886195,-45.44999999999999,229,1.0191637630662018,3.3000000000000096,P075_R275,0.75,2.75
PULLBACK_SHORT|0830_11|DN,PULLBACK_SHORT,SHORT,145,0.29670329670329676,-0.6620689655172414,78,0.25352112676056343,-55.649999999999984,67,0.3486682808716708,-40.349999999999994,P075_R275,0.75,2.75
PULLBACK_SHORT|0830_11|SD,PULLBACK_SHORT,SHORT,551,0.49536178107606643,-0.44428312159709615,283,0.4990958408679926,-124.65,268,0.4914285714285713,-120.15,P075_R275,0.75,2.75
PULLBACK_SHORT|11_1330|DN,PULLBACK_SHORT,SHORT,128,0.2417582417582417,-0.7277343750000002,68,0.24884792626728117,-48.89999999999999,60,0.23376623376623384,-44.249999999999986,P075_R275,0.75,2.75
PULLBACK_SHORT|11_1330|SD,PULLBACK_SHORT,SHORT,692,0.31257235471173866,-0.6435693641618497,367,0.27108433734939763,-254.1,325,0.3609022556390977,-191.25,P075_R275,0.75,2.75
PULLBACK_SHORT|1330_1515|DN,PULLBACK_SHORT,SHORT,42,0.7012987012987013,-0.24642857142857147,23,0.38571428571428573,-12.900000000000006,19,1.1868131868131864,2.55,P075_R275,0.75,2.75
PULLBACK_SHORT|1330_1515|SD,PULLBACK_SHORT,SHORT,428,0.22900763358778625,-0.7433411214953272,221,0.13469387755102036,-190.8,207,0.3372365339578454,-127.35,P075_R275,0.75,2.75
SWEEP_LONG|02_06|DN,SWEEP_LONG,LONG,90,0.4341372912801485,-0.5083333333333333,47,0.44999999999999996,-23.100000000000005,43,0.4169884169884171,-22.650000000000002,P075_R275,0.75,2.75
SWEEP_LONG|02_06|FLAT,SWEEP_LONG,LONG,83,0.4775510204081634,-0.46265060240963846,45,0.39560439560439575,-24.750000000000004,38,0.5806451612903225,-13.650000000000006,P075_R275,0.75,2.75
SWEEP_LONG|02_06|SD,SWEEP_LONG,LONG,369,0.6126558005752633,-0.32845528455284556,195,0.6021699819168175,-65.99999999999999,174,0.6244897959183674,-55.199999999999996,P075_R275,0.75,2.75
SWEEP_LONG|02_06|SU,SWEEP_LONG,LONG,181,0.6607142857142858,-0.28342541436464086,73,0.6650246305418721,-20.4,108,0.6578073089700999,-30.900000000000002,P075_R275,0.75,2.75
SWEEP_LONG|02_06|UP,SWEEP_LONG,LONG,71,1.0084033613445382,0.00633802816901408,27,1.5126050420168067,9.150000000000002,44,0.7563025210084034,-8.7,P075_R275,0.75,2.75
SWEEP_LONG|06_0830|DN,SWEEP_LONG,LONG,87,0.6244897959183675,-0.3172413793103449,36,0.32142857142857145,-22.800000000000004,51,0.8796992481203011,-4.799999999999998,P075_R275,0.75,2.75
SWEEP_LONG|06_0830|FLAT,SWEEP_LONG,LONG,94,0.6949806949806951,-0.25212765957446803,44,0.4864864864864866,-19.950000000000003,50,0.9034749034749038,-3.7499999999999982,P075_R275,0.75,2.75
SWEEP_LONG|06_0830|SD,SWEEP_LONG,LONG,239,0.9810074318744835,-0.014435146443514589,129,0.9953917050691246,-0.4499999999999922,110,0.9642857142857144,-2.999999999999994,P075_R275,0.75,2.75
SWEEP_LONG|06_0830|SU,SWEEP_LONG,LONG,115,0.827586206896552,-0.1369565217391304,52,0.9473684210526321,-2.099999999999998,63,0.7346938775510206,-13.650000000000002,P075_R275,0.75,2.75
SWEEP_LONG|06_0830|UP,SWEEP_LONG,LONG,89,0.6519114688128775,-0.29157303370786514,42,0.6050420168067228,-14.100000000000001,47,0.6949806949806953,-11.850000000000005,P075_R275,0.75,2.75
SWEEP_LONG|0830_11|DN,SWEEP_LONG,LONG,67,0.25292740046838413,-0.7141791044776119,36,0.23376623376623382,-26.550000000000004,31,0.2755102040816326,-21.300000000000008,P075_R275,0.75,2.75
SWEEP_LONG|0830_11|FLAT,SWEEP_LONG,LONG,61,0.4450549450549452,-0.4967213114754098,35,0.3317972350230414,-21.750000000000004,26,0.6122448979591836,-8.55,P075_R275,0.75,2.75
SWEEP_LONG|0830_11|SD,SWEEP_LONG,LONG,239,0.5014285714285714,-0.43807531380753134,117,0.49854227405247814,-51.59999999999999,122,0.504201680672269,-53.099999999999994,P075_R275,0.75,2.75
SWEEP_LONG|0830_11|SU,SWEEP_LONG,LONG,86,0.41698841698841693,-0.5267441860465114,33,0.5714285714285713,-12.15,53,0.3282674772036475,-33.15,P075_R275,0.75,2.75
SWEEP_LONG|0830_11|UP,SWEEP_LONG,LONG,54,0.6578073089700998,-0.28611111111111115,33,0.6923076923076922,-8.4,21,0.6050420168067226,-7.05,P075_R275,0.75,2.75
SWEEP_LONG|11_1330|DN,SWEEP_LONG,LONG,33,0.45918367346938765,-0.48181818181818187,17,0.7912087912087911,-2.8499999999999996,16,0.17142857142857137,-13.05,P075_R275,0.75,2.75
SWEEP_LONG|11_1330|FLAT,SWEEP_LONG,LONG,39,0.4675324675324675,-0.47307692307692323,14,0.4285714285714285,-7.200000000000002,25,0.48979591836734687,-11.250000000000002,P075_R275,0.75,2.75
SWEEP_LONG|11_1330|SD,SWEEP_LONG,LONG,194,0.1846882399368587,-0.7987113402061856,100,0.1641337386018237,-82.5,94,0.20689655172413793,-72.44999999999999,P075_R275,0.75,2.75
SWEEP_LONG|11_1330|SU,SWEEP_LONG,LONG,128,0.34134007585335013,-0.610546875,62,0.2755102040816327,-42.59999999999998,66,0.406015037593985,-35.55,P075_R275,0.75,2.75
SWEEP_LONG|11_1330|UP,SWEEP_LONG,LONG,33,0.2571428571428571,-0.7090909090909091,11,0.0,-11.550000000000002,22,0.406015037593985,-11.850000000000005,P075_R275,0.75,2.75
SWEEP_LONG|1330_1515|DN,SWEEP_LONG,LONG,29,0.5357142857142857,-0.40344827586206905,17,0.7912087912087911,-2.8499999999999996,12,0.23376623376623373,-8.85,P075_R275,0.75,2.75
SWEEP_LONG|1330_1515|FLAT,SWEEP_LONG,LONG,26,0.3354037267080745,-0.6173076923076924,14,0.0,-14.700000000000005,12,0.8571428571428572,-1.3499999999999996,P075_R275,0.75,2.75
SWEEP_LONG|1330_1515|SD,SWEEP_LONG,LONG,140,0.30857142857142844,-0.6482142857142857,66,0.1658986175115208,-54.3,74,0.44897959183673486,-36.44999999999999,P075_R275,0.75,2.75
SWEEP_LONG|1330_1515|SU,SWEEP_LONG,LONG,103,0.18749999999999994,-0.7951456310679611,45,0.25087108013937287,-32.24999999999999,58,0.14025974025974033,-49.64999999999999,P075_R275,0.75,2.75
SWEEP_LONG|1330_1515|UP,SWEEP_LONG,LONG,30,0.2857142857142857,-0.6750000000000003,14,0.4285714285714285,-7.199999999999999,16,0.17142857142857137,-13.05,P075_R275,0.75,2.75
SWEEP_SHORT|02_06|DN,SWEEP_SHORT,SHORT,72,0.414746543778802,-0.5291666666666666,36,0.6206896551724136,-11.550000000000004,36,0.23376623376623382,-26.550000000000004,P075_R275,0.75,2.75
SWEEP_SHORT|02_06|FLAT,SWEEP_SHORT,SHORT,87,0.5794768611670021,-0.36034482758620695,42,0.6050420168067228,-14.100000000000001,45,0.5559845559845562,-17.25,P075_R275,0.75,2.75
SWEEP_SHORT|02_06|SD,SWEEP_SHORT,SHORT,158,0.6026785714285715,-0.33797468354430366,79,0.8142857142857146,-11.7,79,0.41596638655462187,-41.69999999999998,P075_R275,0.75,2.75
SWEEP_SHORT|02_06|SU,SWEEP_SHORT,SHORT,424,0.5525992632009822,-0.38667452830188676,189,0.6259398496240602,-59.699999999999974,235,0.4960116026105874,-104.25,P075_R275,0.75,2.75
SWEEP_SHORT|02_06|UP,SWEEP_SHORT,SHORT,104,0.9473684210526319,-0.04038461538461536,52,0.9473684210526321,-2.099999999999997,52,0.9473684210526321,-2.0999999999999948,P075_R275,0.75,2.75
SWEEP_SHORT|06_0830|DN,SWEEP_SHORT,SHORT,69,0.7762803234501351,-0.1804347826086957,28,0.7012987012987011,-6.9,41,0.8294930875576035,-5.55,P075_R275,0.75,2.75
SWEEP_SHORT|06_0830|FLAT,SWEEP_SHORT,SHORT,76,0.7409200968523004,-0.2111842105263158,39,0.8866995073891624,-3.4499999999999993,37,0.5999999999999999,-12.600000000000005,P075_R275,0.75,2.75
SWEEP_SHORT|06_0830|SD,SWEEP_SHORT,SHORT,102,0.7912087912087914,-0.16764705882352934,52,0.6898954703832753,-13.35,50,0.9034749034749038,-3.7499999999999964,P075_R275,0.75,2.75
SWEEP_SHORT|06_0830|SU,SWEEP_SHORT,SHORT,308,0.7703435804701619,-0.18555194805194797,141,0.9486823855755896,-5.549999999999994,167,0.6332622601279319,-51.599999999999994,P075_R275,0.75,2.75
SWEEP_SHORT|06_0830|UP,SWEEP_SHORT,SHORT,76,1.1868131868131873,0.13421052631578953,40,1.1020408163265303,3.0,36,1.2857142857142856,7.200000000000002,P075_R275,0.75,2.75
SWEEP_SHORT|0830_11|DN,SWEEP_SHORT,SHORT,65,0.413265306122449,-0.5307692307692308,37,0.5999999999999999,-12.600000000000003,28,0.1978021978021978,-21.900000000000006,P075_R275,0.75,2.75
SWEEP_SHORT|0830_11|FLAT,SWEEP_SHORT,SHORT,45,0.5559845559845562,-0.3833333333333334,21,0.8035714285714285,-3.299999999999999,24,0.3673469387755102,-13.950000000000003,P075_R275,0.75,2.75
SWEEP_SHORT|0830_11|SD,SWEEP_SHORT,SHORT,97,0.2955665024630542,-0.6634020618556702,43,0.1928571428571429,-33.89999999999999,54,0.38297872340425543,-30.449999999999996,P075_R275,0.75,2.75
SWEEP_SHORT|0830_11|SU,SWEEP_SHORT,SHORT,249,0.536754507628294,-0.40240963855421685,108,0.7745266781411361,-19.650000000000006,141,0.37630662020905914,-80.54999999999998,P075_R275,0.75,2.75
SWEEP_SHORT|0830_11|UP,SWEEP_SHORT,SHORT,67,0.3990147783251232,-0.5462686567164178,33,0.354679802955665,-19.650000000000002,34,0.4433497536945812,-16.950000000000003,P075_R275,0.75,2.75
SWEEP_SHORT|11_1330|DN,SWEEP_SHORT,SHORT,51,0.5510204081632654,-0.38823529411764707,25,0.48979591836734687,-11.250000000000002,26,0.6122448979591836,-8.55,P075_R275,0.75,2.75
SWEEP_SHORT|11_1330|FLAT,SWEEP_SHORT,SHORT,53,0.3913043478260871,-0.5547169811320755,28,0.3085714285714286,-18.150000000000006,25,0.48979591836734687,-11.250000000000002,P075_R275,0.75,2.75
SWEEP_SHORT|11_1330|SD,SWEEP_SHORT,SHORT,150,0.32867883995703556,-0.6249999999999998,66,0.21077283372365346,-50.55,84,0.4285714285714285,-43.19999999999999,P075_R275,0.75,2.75
SWEEP_SHORT|11_1330|SU,SWEEP_SHORT,SHORT,238,0.35680109364319895,-0.5930672268907562,108,0.32142857142857134,-68.4,130,0.38685208596713017,-72.75,P075_R275,0.75,2.75
SWEEP_SHORT|11_1330|UP,SWEEP_SHORT,SHORT,53,0.20991253644314872,-0.7669811320754714,26,0.10285714285714286,-23.550000000000004,27,0.32142857142857145,-17.1,P075_R275,0.75,2.75
SWEEP_SHORT|1330_1515|DN,SWEEP_SHORT,SHORT,26,0.21428571428571427,-0.7615384615384617,14,0.19780219780219777,-10.950000000000001,12,0.23376623376623373,-8.850000000000001,P075_R275,0.75,2.75
SWEEP_SHORT|1330_1515|FLAT,SWEEP_SHORT,SHORT,32,0.7199999999999999,-0.22968750000000004,18,0.5142857142857142,-7.65,14,1.0285714285714285,0.30000000000000027,P075_R275,0.75,2.75
SWEEP_SHORT|1330_1515|SD,SWEEP_SHORT,SHORT,82,0.277992277992278,-0.6841463414634146,38,0.1428571428571429,-32.400000000000006,44,0.4060150375939851,-23.700000000000003,P075_R275,0.75,2.75
SWEEP_SHORT|1330_1515|SU,SWEEP_SHORT,SHORT,153,0.551020408163265,-0.38823529411764707,57,0.6149068322981368,-18.599999999999998,96,0.5142857142857142,-40.800000000000004,P075_R275,0.75,2.75
SWEEP_SHORT|1330_1515|UP,SWEEP_SHORT,SHORT,27,0.32142857142857145,-0.6333333333333335,12,0.5142857142857142,-5.1,15,0.18367346938775506,-12.000000000000002,P075_R275,0.75,2.75
VWAP_LONG|02_06|FLAT,VWAP_LONG,LONG,39,0.6635944700460829,-0.2807692307692308,22,0.7563025210084033,-4.35,17,0.5510204081632653,-6.6000000000000005,P075_R275,0.75,2.75
VWAP_LONG|02_06|SU,VWAP_LONG,LONG,153,0.5022321428571428,-0.43725490196078426,70,0.3793911007025762,-39.749999999999986,83,0.6140724946695096,-27.150000000000002,P075_R275,0.75,2.75
VWAP_LONG|02_06|UP,VWAP_LONG,LONG,114,0.7597402597402597,-0.19473684210526312,48,0.7644787644787647,-9.149999999999999,66,0.7563025210084037,-13.049999999999997,P075_R275,0.75,2.75
VWAP_LONG|06_0830|FLAT,VWAP_LONG,LONG,26,0.9473684210526314,-0.04038461538461538,12,1.2857142857142858,2.4000000000000012,14,0.7012987012987013,-3.45,P075_R275,0.75,2.75
VWAP_LONG|06_0830|SU,VWAP_LONG,LONG,30,1.2857142857142856,0.2000000000000001,15,1.714285714285714,6.750000000000001,15,0.9350649350649349,-0.7499999999999998,P075_R275,0.75,2.75
VWAP_LONG|06_0830|UP,VWAP_LONG,LONG,82,0.8294930875576042,-0.13536585365853657,44,0.6612244897959185,-12.450000000000003,38,1.0476190476190474,1.3500000000000014,P075_R275,0.75,2.75
VWAP_LONG|0830_11|FLAT,VWAP_LONG,LONG,25,0.48979591836734687,-0.45000000000000007,11,0.2571428571428571,-7.8,14,0.7012987012987013,-3.4499999999999993,P075_R275,0.75,2.75
VWAP_LONG|0830_11|SU,VWAP_LONG,LONG,46,0.8081632653061226,-0.1532608695652173,28,0.7012987012987011,-6.9,18,0.9890109890109887,-0.14999999999999947,P075_R275,0.75,2.75
VWAP_LONG|0830_11|UP,VWAP_LONG,LONG,74,0.44897959183673486,-0.4925675675675676,39,0.29387755102040825,-25.950000000000006,35,0.6428571428571427,-10.500000000000004,P075_R275,0.75,2.75
VWAP_LONG|11_1330|FLAT,VWAP_LONG,LONG,10,0.0,-1.0500000000000003,3,0.0,-3.1500000000000004,7,0.0,-7.35,P075_R275,0.75,2.75
VWAP_LONG|11_1330|SU,VWAP_LONG,LONG,9,0.0,-1.05,4,0.0,-4.2,5,0.0,-5.25,P075_R275,0.75,2.75
VWAP_LONG|11_1330|UP,VWAP_LONG,LONG,31,0.0,-1.05,8,0.0,-8.4,23,0.0,-24.150000000000006,P075_R275,0.75,2.75
VWAP_LONG|1330_1515|FLAT,VWAP_LONG,LONG,2,0.0,-1.05,1,0.0,-1.05,1,0.0,-1.05,P075_R275,0.75,2.75
VWAP_LONG|1330_1515|SU,VWAP_LONG,LONG,19,0.14285714285714285,-0.8526315789473685,15,0.0,-15.750000000000005,4,0.8571428571428571,-0.44999999999999996,P075_R275,0.75,2.75
VWAP_LONG|1330_1515|UP,VWAP_LONG,LONG,7,1.0285714285714287,0.02142857142857148,5,0.6428571428571429,-1.5,2,2.5714285714285716,1.6500000000000001,P075_R275,0.75,2.75
VWAP_SHORT|02_06|DN,VWAP_SHORT,SHORT,98,0.7885714285714288,-0.16989795918367342,58,0.897009966777409,-4.649999999999998,40,0.6428571428571429,-12.0,P075_R275,0.75,2.75
VWAP_SHORT|02_06|FLAT,VWAP_SHORT,SHORT,28,1.0285714285714285,0.021428571428571446,13,1.1428571428571428,1.3500000000000003,15,0.9350649350649349,-0.7499999999999991,P075_R275,0.75,2.75
VWAP_SHORT|02_06|SD,VWAP_SHORT,SHORT,164,0.7755102040816323,-0.18109756097560978,92,0.959488272921109,-2.849999999999997,72,0.566585956416465,-26.85,P075_R275,0.75,2.75
VWAP_SHORT|06_0830|DN,VWAP_SHORT,SHORT,80,0.2857142857142857,-0.675,45,0.11960132890365452,-39.749999999999986,35,0.5320197044334974,-14.250000000000004,P075_R275,0.75,2.75
VWAP_SHORT|06_0830|FLAT,VWAP_SHORT,SHORT,35,0.89010989010989,-0.08571428571428569,15,0.9350649350649349,-0.7499999999999998,20,0.8571428571428569,-2.249999999999999,P075_R275,0.75,2.75
VWAP_SHORT|06_0830|SD,VWAP_SHORT,SHORT,24,0.857142857142857,-0.1125,14,0.4285714285714285,-7.199999999999999,10,1.7142857142857144,4.500000000000001,P075_R275,0.75,2.75
VWAP_SHORT|0830_11|DN,VWAP_SHORT,SHORT,84,0.5590062111801244,-0.38035714285714284,44,0.5714285714285716,-16.200000000000003,40,0.5454545454545454,-15.75,P075_R275,0.75,2.75
VWAP_SHORT|0830_11|FLAT,VWAP_SHORT,SHORT,29,0.5357142857142857,-0.40344827586206905,14,0.4285714285714285,-7.199999999999999,15,0.6428571428571428,-4.499999999999999,P075_R275,0.75,2.75
VWAP_SHORT|0830_11|SD,VWAP_SHORT,SHORT,45,0.25087108013937287,-0.7166666666666667,29,0.2967032967032967,-19.200000000000006,16,0.17142857142857137,-13.05,P075_R275,0.75,2.75
VWAP_SHORT|11_1330|DN,VWAP_SHORT,SHORT,32,0.1714285714285714,-0.815625,13,0.0,-13.650000000000004,19,0.3025210084033613,-12.450000000000003,P075_R275,0.75,2.75
VWAP_SHORT|11_1330|FLAT,VWAP_SHORT,SHORT,10,0.2857142857142857,-0.675,6,0.0,-6.3,4,0.8571428571428571,-0.4500000000000002,P075_R275,0.75,2.75
VWAP_SHORT|11_1330|SD,VWAP_SHORT,SHORT,8,0.0,-1.05,3,0.0,-3.1500000000000004,5,0.0,-5.25,P075_R275,0.75,2.75
VWAP_SHORT|1330_1515|DN,VWAP_SHORT,SHORT,5,0.0,-1.05,4,0.0,-4.2,1,0.0,-1.05,P075_R275,0.75,2.75
VWAP_SHORT|1330_1515|FLAT,VWAP_SHORT,SHORT,5,0.0,-1.05,4,0.0,-4.2,1,0.0,-1.05,P075_R275,0.75,2.75
VWAP_SHORT|1330_1515|SD,VWAP_SHORT,SHORT,6,0.5142857142857143,-0.425,6,0.5142857142857143,-2.55,0,0.0,0.0,P075_R275,0.75,2.75
EXHAUST_LONG|02_06|DN,EXHAUST_LONG,LONG,70,0.7922998986828779,-0.1464285714285715,41,0.5936507936507935,-12.800000000000004,29,1.1428571428571428,2.549999999999998,P090_R175,0.9,1.75
EXHAUST_LONG|02_06|FLAT,EXHAUST_LONG,LONG,38,0.43174603174603166,-0.4710526315789475,23,0.2428571428571428,-15.900000000000006,15,0.8095238095238094,-1.9999999999999993,P090_R175,0.9,1.75
EXHAUST_LONG|02_06|SD,EXHAUST_LONG,LONG,604,0.6604506604506599,-0.25322847682119204,322,0.6775749947556108,-76.85,282,0.641206977840641,-76.10000000000001,P090_R175,0.9,1.75
EXHAUST_LONG|02_06|SU,EXHAUST_LONG,LONG,1,99.0,1.7,0,0.0,0.0,1,99.0,1.7,P090_R175,0.9,1.75
EXHAUST_LONG|02_06|UP,EXHAUST_LONG,LONG,10,0.17989417989417986,-0.775,6,0.3238095238095238,-3.55,4,0.0,-4.2,P090_R175,0.9,1.75
EXHAUST_LONG|06_0830|DN,EXHAUST_LONG,LONG,50,0.834054834054834,-0.11500000000000002,21,0.8095238095238092,-2.8000000000000007,29,0.8521303258145362,-2.9500000000000024,P090_R175,0.9,1.75
EXHAUST_LONG|06_0830|FLAT,EXHAUST_LONG,LONG,19,0.747252747252747,-0.18157894736842112,3,3.2380952380952377,2.3499999999999996,16,0.5396825396825395,-5.800000000000001,P090_R175,0.9,1.75
EXHAUST_LONG|06_0830|SD,EXHAUST_LONG,LONG,318,1.0765395163300915,0.04827044025157232,174,1.2265512265512262,23.549999999999997,144,0.9151138716356108,-8.199999999999998,P090_R175,0.9,1.75
EXHAUST_LONG|06_0830|UP,EXHAUST_LONG,LONG,3,0.0,-1.05,1,0.0,-1.05,2,0.0,-2.1,P090_R175,0.9,1.75
EXHAUST_LONG|0830_11|DN,EXHAUST_LONG,LONG,50,0.308390022675737,-0.61,23,0.2428571428571428,-15.900000000000006,27,0.3679653679653679,-14.600000000000005,P090_R175,0.9,1.75
EXHAUST_LONG|0830_11|FLAT,EXHAUST_LONG,LONG,16,0.7359307359307358,-0.19062500000000004,9,0.46258503401360546,-3.95,7,1.2142857142857142,0.8999999999999995,P090_R175,0.9,1.75
EXHAUST_LONG|0830_11|SD,EXHAUST_LONG,LONG,423,0.6337719298245609,-0.2763593380614657,208,0.6563706563706564,-53.39999999999999,215,0.6123321123321123,-63.5,P090_R175,0.9,1.75
EXHAUST_LONG|0830_11|UP,EXHAUST_LONG,LONG,7,2.1587301587301586,0.5214285714285715,5,2.4285714285714284,3.0,2,1.6190476190476188,0.6499999999999999,P090_R175,0.9,1.75
EXHAUST_LONG|11_1330|DN,EXHAUST_LONG,LONG,12,0.5396825396825395,-0.36250000000000004,6,0.3238095238095238,-3.55,6,0.8095238095238094,-0.8000000000000005,P090_R175,0.9,1.75
EXHAUST_LONG|11_1330|FLAT,EXHAUST_LONG,LONG,2,0.0,-1.05,1,0.0,-1.05,1,0.0,-1.05,P090_R175,0.9,1.75
EXHAUST_LONG|11_1330|SD,EXHAUST_LONG,LONG,368,0.4425770308123247,-0.45964673913043474,209,0.4442508710801394,-95.70000000000002,159,0.44038095238095215,-73.44999999999997,P090_R175,0.9,1.75
EXHAUST_LONG|1330_1515|DN,EXHAUST_LONG,LONG,7,0.2698412698412698,-0.6571428571428571,2,0.0,-2.1,5,0.4047619047619047,-2.5,P090_R175,0.9,1.75
EXHAUST_LONG|1330_1515|SD,EXHAUST_LONG,LONG,211,0.3904761904761904,-0.5156398104265402,117,0.37493734335839607,-62.34999999999998,94,0.4101587301587301,-46.44999999999999,P090_R175,0.9,1.75
EXHAUST_LONG|1330_1515|SU,EXHAUST_LONG,LONG,1,99.0,1.7,0,0.0,0.0,1,99.0,1.7,P090_R175,0.9,1.75
EXHAUST_LONG|1330_1515|UP,EXHAUST_LONG,LONG,1,0.0,-1.05,0,0.0,0.0,1,0.0,-1.05,P090_R175,0.9,1.75
EXHAUST_SHORT|02_06|DN,EXHAUST_SHORT,SHORT,7,0.6476190476190476,-0.2642857142857143,3,0.0,-3.1500000000000004,4,1.6190476190476188,1.2999999999999996,P090_R175,0.9,1.75
EXHAUST_SHORT|02_06|FLAT,EXHAUST_SHORT,SHORT,21,0.5059523809523809,-0.3952380952380953,7,0.0,-7.35,14,0.8994708994708994,-0.9500000000000006,P090_R175,0.9,1.75
EXHAUST_SHORT|02_06|SU,EXHAUST_SHORT,SHORT,735,0.7657219200305367,-0.16700680272108845,329,0.8243774574049796,-40.2,406,0.7202169123877304,-82.55,P090_R175,0.9,1.75
EXHAUST_SHORT|02_06|UP,EXHAUST_SHORT,SHORT,84,0.8994708994709,-0.06785714285714287,39,0.8095238095238093,-5.200000000000001,45,0.9829931972789113,-0.5000000000000007,P090_R175,0.9,1.75
EXHAUST_SHORT|06_0830|DN,EXHAUST_SHORT,SHORT,3,99.0,1.7,2,99.0,3.4,1,99.0,1.7,P090_R175,0.9,1.75
EXHAUST_SHORT|06_0830|FLAT,EXHAUST_SHORT,SHORT,19,0.4317460317460316,-0.47105263157894744,9,0.8095238095238095,-1.2000000000000004,10,0.17989417989417986,-7.75,P090_R175,0.9,1.75
EXHAUST_SHORT|06_0830|SD,EXHAUST_SHORT,SHORT,3,0.8095238095238094,-0.1333333333333334,3,0.8095238095238094,-0.40000000000000013,0,0.0,0.0,P090_R175,0.9,1.75
EXHAUST_SHORT|06_0830|SU,EXHAUST_SHORT,SHORT,453,0.867150928167877,-0.09083885209713026,199,0.8404216648491456,-21.950000000000006,254,0.8885017421602783,-19.20000000000001,P090_R175,0.9,1.75
EXHAUST_SHORT|06_0830|UP,EXHAUST_SHORT,SHORT,48,0.8095238095238094,-0.13333333333333341,28,0.6476190476190475,-7.400000000000002,20,1.079365079365079,0.9999999999999989,P090_R175,0.9,1.75
EXHAUST_SHORT|0830_11|DN,EXHAUST_SHORT,SHORT,5,1.0793650793650793,0.049999999999999954,4,1.6190476190476188,1.2999999999999998,1,0.0,-1.05,P090_R175,0.9,1.75
EXHAUST_SHORT|0830_11|FLAT,EXHAUST_SHORT,SHORT,19,0.19047619047619047,-0.7605263157894738,12,0.14718614718614714,-9.850000000000003,7,0.2698412698412698,-4.6,P090_R175,0.9,1.75
EXHAUST_SHORT|0830_11|SD,EXHAUST_SHORT,SHORT,2,1.6190476190476188,0.32499999999999996,1,0.0,-1.05,1,99.0,1.7,P090_R175,0.9,1.75
EXHAUST_SHORT|0830_11|SU,EXHAUST_SHORT,SHORT,444,0.7073509015256587,-0.2138513513513513,225,0.6158340636868244,-65.75,219,0.8095238095238093,-29.199999999999996,P090_R175,0.9,1.75
EXHAUST_SHORT|0830_11|UP,EXHAUST_SHORT,SHORT,54,0.5133565621370499,-0.3879629629629631,34,0.5828571428571427,-10.950000000000003,20,0.4047619047619047,-10.000000000000004,P090_R175,0.9,1.75
EXHAUST_SHORT|11_1330|FLAT,EXHAUST_SHORT,SHORT,2,0.0,-1.05,1,0.0,-1.05,1,0.0,-1.05,P090_R175,0.9,1.75
EXHAUST_SHORT|11_1330|SU,EXHAUST_SHORT,SHORT,442,0.43143675808432225,-0.47138009049773755,225,0.46258503401360546,-98.75,217,0.40010946907498635,-109.6,P090_R175,0.9,1.75
EXHAUST_SHORT|11_1330|UP,EXHAUST_SHORT,SHORT,15,0.249084249084249,-0.6833333333333335,9,0.20238095238095236,-6.7,6,0.3238095238095238,-3.55,P090_R175,0.9,1.75
EXHAUST_SHORT|1330_1515|FLAT,EXHAUST_SHORT,SHORT,1,0.0,-1.05,0,0.0,0.0,1,0.0,-1.05,P090_R175,0.9,1.75
EXHAUST_SHORT|1330_1515|SU,EXHAUST_SHORT,SHORT,286,0.5447263017356473,-0.35769230769230775,133,0.6476190476190476,-35.150000000000006,153,0.4625850340136054,-67.15,P090_R175,0.9,1.75
EXHAUST_SHORT|1330_1515|UP,EXHAUST_SHORT,SHORT,9,2.0238095238095237,0.47777777777777775,6,3.2380952380952377,4.7,3,0.8095238095238094,-0.40000000000000013,P090_R175,0.9,1.75
PULLBACK_LONG|02_06|SU,PULLBACK_LONG,LONG,793,0.7195767195767192,-0.20384615384615384,395,0.7235304378161518,-79.25,398,0.7156659765355414,-82.4,P090_R175,0.9,1.75
PULLBACK_LONG|02_06|UP,PULLBACK_LONG,LONG,144,1.0005350454788657,0.0003472222222222241,70,1.0793650793650797,3.5000000000000018,74,0.9300911854103349,-3.450000000000002,P090_R175,0.9,1.75
PULLBACK_LONG|06_0830|SU,PULLBACK_LONG,LONG,515,0.8625283446712013,-0.09417475728155342,262,0.9058956916099765,-16.60000000000001,253,0.8191609977324257,-31.900000000000002,P090_R175,0.9,1.75
PULLBACK_LONG|06_0830|UP,PULLBACK_LONG,LONG,117,0.9066666666666667,-0.06282051282051282,53,0.5811965811965814,-17.150000000000002,64,1.2592592592592597,9.799999999999995,P090_R175,0.9,1.75
PULLBACK_LONG|0830_11|SU,PULLBACK_LONG,LONG,456,0.5147261216625374,-0.38662280701754387,189,0.4768427919112851,-80.19999999999999,267,0.5423809523809522,-96.1,P090_R175,0.9,1.75
PULLBACK_LONG|0830_11|UP,PULLBACK_LONG,LONG,139,0.6091466289486092,-0.29820143884892086,63,0.5983436853002072,-19.400000000000002,76,0.6181818181818185,-22.049999999999997,P090_R175,0.9,1.75
PULLBACK_LONG|11_1330|SU,PULLBACK_LONG,LONG,512,0.4689936427971689,-0.43232421875000004,248,0.4831712789827972,-103.65,264,0.45584835876098,-117.70000000000002,P090_R175,0.9,1.75
PULLBACK_LONG|11_1330|UP,PULLBACK_LONG,LONG,92,0.6041222459132908,-0.3027173913043478,34,0.41975308641975295,-16.450000000000003,58,0.7285714285714285,-11.400000000000002,P090_R175,0.9,1.75
PULLBACK_LONG|1330_1515|SU,PULLBACK_LONG,LONG,411,0.3153377630121815,-0.6017031630170316,190,0.27983539094650206,-122.5,221,0.3469387755102041,-124.79999999999998,P090_R175,0.9,1.75
PULLBACK_LONG|1330_1515|UP,PULLBACK_LONG,LONG,68,0.3826839826839828,-0.5242647058823529,22,0.3597883597883597,-12.100000000000003,46,0.3938223938223939,-23.550000000000004,P090_R175,0.9,1.75
PULLBACK_SHORT|02_06|DN,PULLBACK_SHORT,SHORT,148,0.5396825396825398,-0.36250000000000004,80,0.614121510673235,-23.5,68,0.45822102425876016,-30.150000000000006,P090_R175,0.9,1.75
PULLBACK_SHORT|02_06|SD,PULLBACK_SHORT,SHORT,796,0.6419381787802838,-0.26922110552763817,421,0.6682646212847552,-103.8,375,0.6130952380952376,-110.49999999999997,P090_R175,0.9,1.75
PULLBACK_SHORT|06_0830|DN,PULLBACK_SHORT,SHORT,129,0.7015873015873016,-0.2186046511627907,63,0.9309523809523812,-2.900000000000003,66,0.5180952380952382,-25.3,P090_R175,0.9,1.75
PULLBACK_SHORT|06_0830|SD,PULLBACK_SHORT,SHORT,458,0.8861003861003857,-0.07729257641921397,229,0.8526984126984124,-23.199999999999996,229,0.9204174820613172,-12.200000000000006,P090_R175,0.9,1.75
PULLBACK_SHORT|0830_11|DN,PULLBACK_SHORT,SHORT,145,0.5749888740542946,-0.32931034482758625,78,0.6770562770562775,-18.650000000000006,67,0.4670329670329671,-29.100000000000005,P090_R175,0.9,1.75
PULLBACK_SHORT|0830_11|SD,PULLBACK_SHORT,SHORT,551,0.6111904761904758,-0.2963702359346643,283,0.5524712254570072,-99.15,268,0.6767447719828669,-64.15,P090_R175,0.9,1.75
PULLBACK_SHORT|11_1330|DN,PULLBACK_SHORT,SHORT,128,0.3736263736263735,-0.5343750000000002,68,0.4197530864197532,-32.9,60,0.3238095238095239,-35.499999999999986,P090_R175,0.9,1.75
PULLBACK_SHORT|11_1330|SD,PULLBACK_SHORT,SHORT,692,0.44047619047619035,-0.4618497109826589,367,0.46583124477861304,-159.84999999999997,325,0.4125758411472696,-159.75,P090_R175,0.9,1.75
PULLBACK_SHORT|1330_1515|DN,PULLBACK_SHORT,SHORT,42,0.5745007680491551,-0.3297619047619048,23,0.34085213032581446,-13.150000000000006,19,0.9444444444444441,-0.7000000000000004,P090_R175,0.9,1.75
PULLBACK_SHORT|1330_1515|SD,PULLBACK_SHORT,SHORT,428,0.3111818543573418,-0.6066588785046729,221,0.2641604010025063,-146.8,207,0.3640462102000563,-112.85,P090_R175,0.9,1.75
SWEEP_LONG|02_06|DN,SWEEP_LONG,LONG,90,0.6577380952380952,-0.25555555555555554,47,0.4947089947089948,-19.100000000000005,43,0.86734693877551,-3.9000000000000012,P090_R175,0.9,1.75
SWEEP_LONG|02_06|FLAT,SWEEP_LONG,LONG,83,0.6585956416464892,-0.2548192771084338,45,0.6577380952380951,-11.500000000000004,38,0.6596119929453261,-9.650000000000006,P090_R175,0.9,1.75
SWEEP_LONG|02_06|SD,SWEEP_LONG,LONG,369,0.6269244539921226,-0.28238482384823843,195,0.6687370600414078,-48.0,174,0.581845238095238,-56.2,P090_R175,0.9,1.75
SWEEP_LONG|02_06|SU,SWEEP_LONG,LONG,181,0.8230158730158728,-0.12320441988950279,73,0.8432539682539683,-7.900000000000001,108,0.8095238095238095,-14.4,P090_R175,0.9,1.75
SWEEP_LONG|02_06|UP,SWEEP_LONG,LONG,71,0.9935064935064939,-0.004225352112676045,27,1.2952380952380946,4.649999999999998,44,0.83743842364532,-4.95,P090_R175,0.9,1.75
SWEEP_LONG|06_0830|DN,SWEEP_LONG,LONG,87,0.7285714285714289,-0.1965517241379311,36,0.6227106227106226,-10.300000000000004,51,0.8095238095238095,-6.799999999999999,P090_R175,0.9,1.75
SWEEP_LONG|06_0830|FLAT,SWEEP_LONG,LONG,94,0.7223443223443226,-0.2015957446808511,44,0.41632653061224495,-21.450000000000003,50,1.079365079365079,2.4999999999999987,P090_R175,0.9,1.75
SWEEP_LONG|06_0830|SD,SWEEP_LONG,LONG,239,1.0495894909688006,0.03158995815899582,129,1.129072681704261,10.299999999999994,110,0.9620427881297449,-2.7500000000000013,P090_R175,0.9,1.75
SWEEP_LONG|06_0830|SU,SWEEP_LONG,LONG,115,0.8970398970398971,-0.06956521739130438,52,1.0119047619047619,0.399999999999999,63,0.8095238095238096,-8.400000000000004,P090_R175,0.9,1.75
SWEEP_LONG|06_0830|UP,SWEEP_LONG,LONG,89,0.7050691244239634,-0.2157303370786517,42,0.5745007680491551,-13.850000000000001,47,0.835637480798771,-5.350000000000001,P090_R175,0.9,1.75
SWEEP_LONG|0830_11|DN,SWEEP_LONG,LONG,67,0.35324675324675336,-0.5574626865671641,36,0.20238095238095236,-26.800000000000004,31,0.5631469979296064,-10.550000000000008,P090_R175,0.9,1.75
SWEEP_LONG|0830_11|FLAT,SWEEP_LONG,LONG,61,0.5756613756613759,-0.328688524590164,35,0.334975369458128,-20.250000000000004,26,1.0119047619047619,0.19999999999999707,P090_R175,0.9,1.75
SWEEP_LONG|0830_11|SD,SWEEP_LONG,LONG,239,0.5426975259377492,-0.359623430962343,117,0.5335497835497836,-43.09999999999998,122,0.5515436944008374,-42.849999999999994,P090_R175,0.9,1.75
SWEEP_LONG|0830_11|SU,SWEEP_LONG,LONG,86,0.5230769230769231,-0.37848837209302333,33,0.8095238095238093,-4.400000000000001,53,0.37652270210409755,-28.150000000000002,P090_R175,0.9,1.75
SWEEP_LONG|0830_11|UP,SWEEP_LONG,LONG,54,0.6227106227106229,-0.28611111111111115,33,0.607142857142857,-9.900000000000002,21,0.6476190476190473,-5.55,P090_R175,0.9,1.75
SWEEP_LONG|11_1330|DN,SWEEP_LONG,LONG,33,0.7039337474120081,-0.2166666666666667,17,1.133333333333333,1.3999999999999992,16,0.3736263736263735,-8.55,P090_R175,0.9,1.75
SWEEP_LONG|11_1330|FLAT,SWEEP_LONG,LONG,39,0.4178187403993855,-0.48589743589743606,14,0.44155844155844143,-6.45,25,0.4047619047619047,-12.500000000000004,P090_R175,0.9,1.75
SWEEP_LONG|11_1330|SD,SWEEP_LONG,LONG,194,0.4205318491032776,-0.48298969072164943,100,0.3316121629374641,-58.24999999999999,94,0.5244802146210599,-35.44999999999999,P090_R175,0.9,1.75
SWEEP_LONG|11_1330|SU,SWEEP_LONG,LONG,128,0.4742664742664743,-0.42695312500000016,62,0.3113553113553114,-37.59999999999998,66,0.6545086119554206,-17.05,P090_R175,0.9,1.75
SWEEP_LONG|11_1330|UP,SWEEP_LONG,LONG,33,0.518095238095238,-0.3833333333333334,11,0.3597883597883597,-6.05,22,0.6071428571428571,-6.6000000000000005,P090_R175,0.9,1.75
SWEEP_LONG|1330_1515|DN,SWEEP_LONG,LONG,29,0.4223602484472048,-0.48103448275862093,17,0.498168498168498,-6.8500000000000005,12,0.32380952380952377,-7.1,P090_R175,0.9,1.75
SWEEP_LONG|1330_1515|FLAT,SWEEP_LONG,LONG,26,0.2943722943722943,-0.6269230769230771,14,0.0,-14.700000000000005,12,0.8095238095238094,-1.6000000000000008,P090_R175,0.9,1.75
SWEEP_LONG|1330_1515|SD,SWEEP_LONG,LONG,140,0.4047619047619047,-0.5,66,0.22331691297208542,-47.3,74,0.5996472663139332,-22.700000000000003,P090_R175,0.9,1.75
SWEEP_LONG|1330_1515|SU,SWEEP_LONG,LONG,103,0.43974132863021753,-0.4626213592233008,45,0.5238095238095238,-17.000000000000004,58,0.3789260385005067,-30.65,P090_R175,0.9,1.75
SWEEP_LONG|1330_1515|UP,SWEEP_LONG,LONG,30,0.4927536231884056,-0.40833333333333355,14,0.44155844155844143,-6.449999999999999,16,0.5396825396825395,-5.800000000000001,P090_R175,0.9,1.75
SWEEP_SHORT|02_06|DN,SWEEP_SHORT,SHORT,72,0.7123809523809526,-0.20972222222222225,36,0.9151138716356104,-2.0500000000000016,36,0.5396825396825395,-13.050000000000004,P090_R175,0.9,1.75
SWEEP_SHORT|02_06|FLAT,SWEEP_SHORT,SHORT,87,0.547985347985348,-0.35459770114942535,42,0.5059523809523809,-16.6,45,0.5887445887445887,-14.250000000000004,P090_R175,0.9,1.75
SWEEP_SHORT|02_06|SD,SWEEP_SHORT,SHORT,158,0.6649659863945577,-0.24936708860759496,79,0.9390476190476194,-3.200000000000001,79,0.44393241167434727,-36.19999999999998,P090_R175,0.9,1.75
SWEEP_SHORT|02_06|SU,SWEEP_SHORT,SHORT,424,0.7563025210084032,-0.1744103773584906,189,0.9098780007870914,-11.450000000000001,235,0.6456916099773241,-62.5,P090_R175,0.9,1.75
SWEEP_SHORT|02_06|UP,SWEEP_SHORT,SHORT,104,0.9714285714285716,-0.018749999999999992,52,1.0119047619047619,0.399999999999999,52,0.9321789321789321,-2.350000000000003,P090_R175,0.9,1.75
SWEEP_SHORT|06_0830|DN,SWEEP_SHORT,SHORT,69,0.9199134199134201,-0.053623188405797106,28,0.7669172932330826,-4.650000000000002,41,1.036190476190476,0.9499999999999991,P090_R175,0.9,1.75
SWEEP_SHORT|06_0830|FLAT,SWEEP_SHORT,SHORT,76,0.841904761904762,-0.10921052631578948,39,1.1262939958592129,3.05,37,0.5996472663139328,-11.350000000000005,P090_R175,0.9,1.75
SWEEP_SHORT|06_0830|SD,SWEEP_SHORT,SHORT,102,0.6431833007175474,-0.26813725490196083,52,0.7195767195767198,-10.600000000000001,50,0.568854568854569,-16.75,P090_R175,0.9,1.75
SWEEP_SHORT|06_0830|SU,SWEEP_SHORT,SHORT,308,0.8868150275185445,-0.07678571428571428,141,0.975108225108225,-2.3000000000000007,167,0.8168168168168166,-21.35,P090_R175,0.9,1.75
SWEEP_SHORT|06_0830|UP,SWEEP_SHORT,SHORT,76,1.3106575963718823,0.18026315789473682,40,1.4648526077097501,10.249999999999998,36,1.1564625850340131,3.449999999999998,P090_R175,0.9,1.75
SWEEP_SHORT|0830_11|DN,SWEEP_SHORT,SHORT,65,0.6200607902735564,-0.2884615384615385,37,1.1038961038961035,2.3999999999999995,28,0.19428571428571426,-21.150000000000006,P090_R175,0.9,1.75
SWEEP_SHORT|0830_11|FLAT,SWEEP_SHORT,SHORT,45,0.7311827956989245,-0.19444444444444448,21,0.6476190476190473,-5.55,24,0.8095238095238094,-3.2000000000000024,P090_R175,0.9,1.75
SWEEP_SHORT|0830_11|SD,SWEEP_SHORT,SHORT,97,0.3688969258589512,-0.5396907216494845,43,0.21303258145363416,-31.4,54,0.5133565621370499,-20.950000000000003,P090_R175,0.9,1.75
SWEEP_SHORT|0830_11|SU,SWEEP_SHORT,SHORT,249,0.7385129490392646,-0.1885542168674699,108,0.8789115646258506,-8.900000000000006,141,0.6412069778406412,-38.050000000000004,P090_R175,0.9,1.75
SWEEP_SHORT|0830_11|UP,SWEEP_SHORT,SHORT,67,0.5947521865889213,-0.3111940298507463,33,0.3597883597883597,-18.150000000000002,34,0.8831168831168829,-2.700000000000002,P090_R175,0.9,1.75
SWEEP_SHORT|11_1330|DN,SWEEP_SHORT,SHORT,51,0.5538847117794488,-0.3490196078431373,25,0.4047619047619047,-12.500000000000004,26,0.7195767195767194,-5.3000000000000025,P090_R175,0.9,1.75
SWEEP_SHORT|11_1330|FLAT,SWEEP_SHORT,SHORT,53,0.5261904761904761,-0.37547169811320763,28,0.6476190476190475,-7.400000000000002,25,0.4047619047619047,-12.500000000000004,P090_R175,0.9,1.75
SWEEP_SHORT|11_1330|SD,SWEEP_SHORT,SHORT,150,0.3715846994535518,-0.5366666666666666,66,0.192090395480226,-50.05,84,0.5396825396825399,-30.450000000000003,P090_R175,0.9,1.75
SWEEP_SHORT|11_1330|SU,SWEEP_SHORT,SHORT,238,0.5457463884430176,-0.3567226890756302,108,0.5396825396825397,-39.14999999999999,130,0.5508100147275404,-45.75,P090_R175,0.9,1.75
SWEEP_SHORT|11_1330|UP,SWEEP_SHORT,SHORT,53,0.24637681159420297,-0.6867924528301884,26,0.1349206349206349,-21.800000000000004,27,0.3679653679653679,-14.600000000000005,P090_R175,0.9,1.75
SWEEP_SHORT|1330_1515|DN,SWEEP_SHORT,SHORT,26,0.857142857142857,-0.09807692307692314,14,0.6476190476190475,-3.7,12,1.1564625850340136,1.15,P090_R175,0.9,1.75
SWEEP_SHORT|1330_1515|FLAT,SWEEP_SHORT,SHORT,32,0.6335403726708072,-0.27656250000000004,18,0.4625850340136053,-7.9,14,0.8994708994708994,-0.9500000000000006,P090_R175,0.9,1.75
SWEEP_SHORT|1330_1515|SD,SWEEP_SHORT,SHORT,82,0.3624733475479744,-0.546951219512195,38,0.1904761904761905,-28.900000000000006,44,0.5396825396825397,-15.950000000000003,P090_R175,0.9,1.75
SWEEP_SHORT|1330_1515|SU,SWEEP_SHORT,SHORT,153,0.8095238095238095,-0.13333333333333333,57,0.8751608751608755,-4.8500000000000005,96,0.7721611721611724,-15.55,P090_R175,0.9,1.75
SWEEP_SHORT|1330_1515|UP,SWEEP_SHORT,SHORT,27,0.46258503401360535,-0.43888888888888905,12,0.8095238095238094,-1.5999999999999999,15,0.249084249084249,-10.250000000000004,P090_R175,0.9,1.75
VWAP_LONG|02_06|FLAT,VWAP_LONG,LONG,39,0.6360544217687073,-0.27435897435897444,22,0.6071428571428571,-6.6,17,0.6746031746031744,-4.1000000000000005,P090_R175,0.9,1.75
VWAP_LONG|02_06|SU,VWAP_LONG,LONG,153,0.6329004329004329,-0.27712418300653596,70,0.6938775510204083,-15.750000000000004,83,0.5839188134270104,-26.650000000000002,P090_R175,0.9,1.75
VWAP_LONG|02_06|UP,VWAP_LONG,LONG,114,0.9444444444444444,-0.03684210526315787,48,0.7359307359307359,-9.149999999999999,66,1.1208791208791216,4.949999999999999,P090_R175,0.9,1.75
VWAP_LONG|06_0830|FLAT,VWAP_LONG,LONG,26,1.0119047619047619,0.007692307692307588,12,0.8095238095238094,-1.6000000000000005,14,1.2142857142857142,1.7999999999999992,P090_R175,0.9,1.75
VWAP_LONG|06_0830|SU,VWAP_LONG,LONG,30,1.079365079365079,0.049999999999999906,15,1.079365079365079,0.7499999999999991,15,1.079365079365079,0.7499999999999991,P090_R175,0.9,1.75
VWAP_LONG|06_0830|UP,VWAP_LONG,LONG,82,1.0903790087463558,0.056707317073170754,44,0.7555555555555553,-7.700000000000002,38,1.6190476190476186,12.349999999999994,P090_R175,0.9,1.75
VWAP_LONG|0830_11|FLAT,VWAP_LONG,LONG,25,0.5112781954887217,-0.3900000000000001,11,0.6071428571428571,-3.3000000000000007,14,0.44155844155844143,-6.45,P090_R175,0.9,1.75
VWAP_LONG|0830_11|SU,VWAP_LONG,LONG,46,0.7083333333333333,-0.2130434782608696,28,0.6476190476190475,-7.400000000000002,18,0.8095238095238093,-2.400000000000001,P090_R175,0.9,1.75
VWAP_LONG|0830_11|UP,VWAP_LONG,LONG,74,0.5204081632653061,-0.38108108108108113,39,0.4178187403993855,-18.950000000000006,35,0.6476190476190475,-9.250000000000004,P090_R175,0.9,1.75
VWAP_LONG|11_1330|FLAT,VWAP_LONG,LONG,10,0.17989417989417986,-0.775,3,0.8095238095238094,-0.40000000000000013,7,0.0,-7.35,P090_R175,0.9,1.75
VWAP_LONG|11_1330|SU,VWAP_LONG,LONG,9,0.0,-1.05,4,0.0,-4.2,5,0.0,-5.25,P090_R175,0.9,1.75
VWAP_LONG|11_1330|UP,VWAP_LONG,LONG,31,0.05396825396825396,-0.9612903225806454,8,0.23129251700680273,-5.65,23,0.0,-24.150000000000006,P090_R175,0.9,1.75
VWAP_LONG|1330_1515|FLAT,VWAP_LONG,LONG,2,0.0,-1.05,1,0.0,-1.05,1,0.0,-1.05,P090_R175,0.9,1.75
VWAP_LONG|1330_1515|SU,VWAP_LONG,LONG,19,0.19047619047619047,-0.7605263157894738,15,0.11564625850340132,-13.000000000000004,4,0.5396825396825397,-1.4500000000000002,P090_R175,0.9,1.75
VWAP_LONG|1330_1515|UP,VWAP_LONG,LONG,7,1.2142857142857142,0.1285714285714285,5,1.0793650793650793,0.24999999999999956,2,1.6190476190476188,0.6499999999999999,P090_R175,0.9,1.75
VWAP_SHORT|02_06|DN,VWAP_SHORT,SHORT,98,0.6476190476190479,-0.2642857142857143,58,0.7285714285714285,-11.400000000000002,40,0.5396825396825395,-14.500000000000002,P090_R175,0.9,1.75
VWAP_SHORT|02_06|FLAT,VWAP_SHORT,SHORT,28,0.8994708994708994,-0.06785714285714294,13,0.7195767195767194,-2.650000000000001,15,1.079365079365079,0.75,P090_R175,0.9,1.75
VWAP_SHORT|02_06|SD,VWAP_SHORT,SHORT,164,0.8169506334643949,-0.12774390243902442,92,0.9941520467836259,-0.34999999999999765,72,0.6227106227106228,-20.6,P090_R175,0.9,1.75
VWAP_SHORT|06_0830|DN,VWAP_SHORT,SHORT,80,0.5396825396825398,-0.3625,45,0.5887445887445887,-14.250000000000004,35,0.4797178130511463,-14.750000000000004,P090_R175,0.9,1.75
VWAP_SHORT|06_0830|FLAT,VWAP_SHORT,SHORT,35,1.214285714285714,0.12857142857142856,15,1.4166666666666665,3.5,20,1.079365079365079,0.9999999999999989,P090_R175,0.9,1.75
VWAP_SHORT|06_0830|SD,VWAP_SHORT,SHORT,24,1.3699633699633695,0.21041666666666656,14,1.6190476190476188,4.550000000000001,10,1.0793650793650793,0.49999999999999956,P090_R175,0.9,1.75
VWAP_SHORT|0830_11|DN,VWAP_SHORT,SHORT,84,0.8095238095238098,-0.13333333333333336,44,0.7555555555555553,-7.7,40,0.8717948717948716,-3.5000000000000004,P090_R175,0.9,1.75
VWAP_SHORT|0830_11|FLAT,VWAP_SHORT,SHORT,29,0.515151515151515,-0.38620689655172435,14,0.26984126984126977,-9.200000000000001,15,0.8095238095238094,-2.000000000000001,P090_R175,0.9,1.75
VWAP_SHORT|0830_11|SD,VWAP_SHORT,SHORT,45,0.35006435006435016,-0.5611111111111112,29,0.4223602484472048,-13.950000000000006,16,0.23129251700680264,-11.3,P090_R175,0.9,1.75
VWAP_SHORT|11_1330|DN,VWAP_SHORT,SHORT,32,0.9714285714285712,-0.018750000000000044,13,0.7195767195767194,-2.6500000000000004,19,1.1774891774891771,2.049999999999999,P090_R175,0.9,1.75
VWAP_SHORT|11_1330|FLAT,VWAP_SHORT,SHORT,10,0.6938775510204082,-0.225,6,0.8095238095238094,-0.8000000000000005,4,0.5396825396825397,-1.4500000000000004,P090_R175,0.9,1.75
VWAP_SHORT|11_1330|SD,VWAP_SHORT,SHORT,8,0.9714285714285713,-0.018750000000000044,3,3.2380952380952377,2.3499999999999996,5,0.4047619047619047,-2.5,P090_R175,0.9,1.75
VWAP_SHORT|1330_1515|DN,VWAP_SHORT,SHORT,5,0.4047619047619047,-0.5,4,0.5396825396825397,-1.4500000000000002,1,0.0,-1.05,P090_R175,0.9,1.75
VWAP_SHORT|1330_1515|FLAT,VWAP_SHORT,SHORT,5,0.0,-1.05,4,0.0,-4.2,1,0.0,-1.05,P090_R175,0.9,1.75
VWAP_SHORT|1330_1515|SD,VWAP_SHORT,SHORT,6,0.8095238095238094,-0.13333333333333341,6,0.8095238095238094,-0.8000000000000005,0,0.0,0.0,P090_R175,0.9,1.75
EXHAUST_LONG|02_06|DN,EXHAUST_LONG,LONG,70,0.6720575022461818,-0.26071428571428573,41,0.5892857142857143,-13.8,29,0.7981859410430838,-4.45,P090_R225,0.9,2.25
EXHAUST_LONG|02_06|FLAT,EXHAUST_LONG,LONG,38,0.24649859943977595,-0.7078947368421055,23,0.09523809523809522,-20.900000000000006,15,0.5238095238095237,-6.000000000000003,P090_R225,0.9,2.25
EXHAUST_LONG|02_06|SD,EXHAUST_LONG,LONG,604,0.5859564164648907,-0.3397350993377483,322,0.6034285714285712,-104.09999999999998,282,0.566280566280566,-101.1,P090_R225,0.9,2.25
EXHAUST_LONG|02_06|SU,EXHAUST_LONG,LONG,1,0.0,-1.05,0,0.0,0.0,1,0.0,-1.05,P090_R225,0.9,2.25
EXHAUST_LONG|02_06|UP,EXHAUST_LONG,LONG,10,0.2328042328042328,-0.725,6,0.41904761904761906,-3.05,4,0.0,-4.2,P090_R225,0.9,2.25
EXHAUST_LONG|06_0830|DN,EXHAUST_LONG,LONG,50,0.7361647361647363,-0.20499999999999996,21,0.6547619047619048,-5.799999999999999,29,0.7981859410430838,-4.449999999999999,P090_R225,0.9,2.25
EXHAUST_LONG|06_0830|FLAT,EXHAUST_LONG,LONG,19,0.39285714285714285,-0.536842105263158,3,4.190476190476191,3.3500000000000005,16,0.13968253968253966,-13.55,P090_R225,0.9,2.25
EXHAUST_LONG|06_0830|SD,EXHAUST_LONG,LONG,318,1.0328638497652578,0.023113207547169872,174,1.1598639455782305,18.80000000000001,144,0.892032060348892,-11.449999999999989,P090_R225,0.9,2.25
EXHAUST_LONG|06_0830|UP,EXHAUST_LONG,LONG,3,0.0,-1.05,1,0.0,-1.05,2,0.0,-2.1,P090_R225,0.9,2.25
EXHAUST_LONG|0830_11|DN,EXHAUST_LONG,LONG,50,0.28571428571428575,-0.66,23,0.3142857142857143,-14.400000000000006,27,0.2619047619047619,-18.600000000000005,P090_R225,0.9,2.25
EXHAUST_LONG|0830_11|FLAT,EXHAUST_LONG,LONG,16,0.6984126984126983,-0.2375,9,0.598639455782313,-2.95,7,0.8380952380952381,-0.8499999999999999,P090_R225,0.9,2.25
EXHAUST_LONG|0830_11|SD,EXHAUST_LONG,LONG,423,0.43700680272108827,-0.48912529550827416,208,0.4385382059800665,-101.4,215,0.43552701979668274,-105.49999999999999,P090_R225,0.9,2.25
EXHAUST_LONG|0830_11|UP,EXHAUST_LONG,LONG,7,1.5714285714285714,0.34285714285714297,5,1.3968253968253967,1.2500000000000007,2,2.0952380952380953,1.1500000000000001,P090_R225,0.9,2.25
EXHAUST_LONG|11_1330|DN,EXHAUST_LONG,LONG,12,0.19047619047619044,-0.7791666666666668,6,0.0,-6.3,6,0.41904761904761906,-3.05,P090_R225,0.9,2.25
EXHAUST_LONG|11_1330|FLAT,EXHAUST_LONG,LONG,2,0.0,-1.05,1,0.0,-1.05,1,0.0,-1.05,P090_R225,0.9,2.25
EXHAUST_LONG|11_1330|SD,EXHAUST_LONG,LONG,368,0.3294399520814615,-0.6084239130434783,209,0.31083202511773944,-131.7,159,0.354341736694678,-92.19999999999999,P090_R225,0.9,2.25
EXHAUST_LONG|1330_1515|DN,EXHAUST_LONG,LONG,7,0.34920634920634924,-0.5857142857142856,2,0.0,-2.1,5,0.5238095238095238,-2.0,P090_R225,0.9,2.25
EXHAUST_LONG|1330_1515|SD,EXHAUST_LONG,LONG,211,0.3205828779599272,-0.6187203791469195,117,0.380952380952381,-64.35,94,0.2494331065759637,-66.19999999999999,P090_R225,0.9,2.25
EXHAUST_LONG|1330_1515|SU,EXHAUST_LONG,LONG,1,99.0,2.2,0,0.0,0.0,1,99.0,2.2,P090_R225,0.9,2.25
EXHAUST_LONG|1330_1515|UP,EXHAUST_LONG,LONG,1,0.0,-1.05,0,0.0,0.0,1,0.0,-1.05,P090_R225,0.9,2.25
EXHAUST_SHORT|02_06|DN,EXHAUST_SHORT,SHORT,7,0.8380952380952381,-0.12142857142857141,3,0.0,-3.1500000000000004,4,2.0952380952380953,2.3000000000000007,P090_R225,0.9,2.25
EXHAUST_SHORT|02_06|FLAT,EXHAUST_SHORT,SHORT,21,0.22055137844611528,-0.7404761904761907,7,0.0,-7.35,14,0.34920634920634913,-8.200000000000001,P090_R225,0.9,2.25
EXHAUST_SHORT|02_06|SU,EXHAUST_SHORT,SHORT,735,0.5783730158730156,-0.3469387755102041,329,0.6293995859213247,-98.45,406,0.5384048356184575,-156.54999999999995,P090_R225,0.9,2.25
EXHAUST_SHORT|02_06|UP,EXHAUST_SHORT,SHORT,84,0.8380952380952383,-0.12142857142857137,39,0.8231292517006801,-5.1999999999999975,45,0.851190476190476,-4.999999999999998,P090_R225,0.9,2.25
EXHAUST_SHORT|06_0830|DN,EXHAUST_SHORT,SHORT,3,99.0,2.2,2,99.0,4.4,1,99.0,2.2,P090_R225,0.9,2.25
EXHAUST_SHORT|06_0830|FLAT,EXHAUST_SHORT,SHORT,19,0.5587301587301586,-0.3657894736842106,9,1.0476190476190477,0.30000000000000027,10,0.2328042328042328,-7.25,P090_R225,0.9,2.25
EXHAUST_SHORT|06_0830|SD,EXHAUST_SHORT,SHORT,3,0.0,-1.05,3,0.0,-3.1500000000000004,0,0.0,0.0,P090_R225,0.9,2.25
EXHAUST_SHORT|06_0830|SU,EXHAUST_SHORT,SHORT,453,0.7295918367346935,-0.2105960264900662,199,0.6844444444444444,-49.7,254,0.7660010240655397,-45.699999999999996,P090_R225,0.9,2.25
EXHAUST_SHORT|06_0830|UP,EXHAUST_SHORT,SHORT,48,0.8627450980392157,-0.10208333333333326,28,0.6984126984126983,-6.6499999999999995,20,1.1282051282051277,1.7500000000000007,P090_R225,0.9,2.25
EXHAUST_SHORT|0830_11|DN,EXHAUST_SHORT,SHORT,5,0.0,-1.05,4,0.0,-4.2,1,0.0,-1.05,P090_R225,0.9,2.25
EXHAUST_SHORT|0830_11|FLAT,EXHAUST_SHORT,SHORT,19,0.0,-1.05,12,0.0,-12.600000000000003,7,0.0,-7.35,P090_R225,0.9,2.25
EXHAUST_SHORT|0830_11|SD,EXHAUST_SHORT,SHORT,2,0.0,-1.05,1,0.0,-1.05,1,0.0,-1.05,P090_R225,0.9,2.25
EXHAUST_SHORT|0830_11|SU,EXHAUST_SHORT,SHORT,444,0.4960870141928635,-0.42781531531531525,225,0.4530244530244529,-106.25,219,0.541871921182266,-83.69999999999997,P090_R225,0.9,2.25
EXHAUST_SHORT|0830_11|UP,EXHAUST_SHORT,SHORT,54,0.3643892339544515,-0.5685185185185185,34,0.4489795918367346,-16.200000000000003,20,0.2328042328042328,-14.500000000000004,P090_R225,0.9,2.25
EXHAUST_SHORT|11_1330|FLAT,EXHAUST_SHORT,SHORT,2,0.0,-1.05,1,0.0,-1.05,1,0.0,-1.05,P090_R225,0.9,2.25
EXHAUST_SHORT|11_1330|SU,EXHAUST_SHORT,SHORT,442,0.28546945770596155,-0.6602941176470589,225,0.2978003384094755,-145.25,217,0.2728174603174603,-146.60000000000002,P090_R225,0.9,2.25
EXHAUST_SHORT|11_1330|UP,EXHAUST_SHORT,SHORT,15,0.32234432234432225,-0.6166666666666668,9,0.2619047619047619,-6.2,6,0.41904761904761906,-3.05,P090_R225,0.9,2.25
EXHAUST_SHORT|1330_1515|FLAT,EXHAUST_SHORT,SHORT,1,0.0,-1.05,0,0.0,0.0,1,0.0,-1.05,P090_R225,0.9,2.25
EXHAUST_SHORT|1330_1515|SU,EXHAUST_SHORT,SHORT,286,0.41203426977485536,-0.5159090909090908,133,0.46133682830930534,-61.649999999999984,153,0.3706959706959709,-85.89999999999999,P090_R225,0.9,2.25
EXHAUST_SHORT|1330_1515|UP,EXHAUST_SHORT,SHORT,9,0.2619047619047619,-0.6888888888888889,6,0.0,-6.3,3,1.0476190476190477,0.10000000000000009,P090_R225,0.9,2.25
PULLBACK_LONG|02_06|SU,PULLBACK_LONG,LONG,793,0.5717343117022087,-0.35327868852459016,395,0.5404913557779798,-151.5,398,0.6034828170750499,-128.64999999999998,P090_R225,0.9,2.25
PULLBACK_LONG|02_06|UP,PULLBACK_LONG,LONG,144,0.9219047619047619,-0.05694444444444437,70,1.0931677018633545,4.500000000000005,74,0.7760141093474432,-12.699999999999996,P090_R225,0.9,2.25
PULLBACK_LONG|06_0830|SU,PULLBACK_LONG,LONG,515,0.8610567514677098,-0.10339805825242716,262,0.9045016913869366,-18.349999999999994,253,0.8173731030873882,-34.899999999999984,P090_R225,0.9,2.25
PULLBACK_LONG|06_0830|UP,PULLBACK_LONG,LONG,117,0.5407066052227343,-0.3833333333333333,53,0.318840579710145,-32.899999999999984,64,0.7578520770010136,-11.949999999999996,P090_R225,0.9,2.25
PULLBACK_LONG|0830_11|SU,PULLBACK_LONG,LONG,456,0.41244844394450675,-0.5154605263157895,189,0.39532794249775394,-100.94999999999999,267,0.4247104247104247,-134.1,P090_R225,0.9,2.25
PULLBACK_LONG|0830_11|UP,PULLBACK_LONG,LONG,139,0.5523809523809525,-0.37194244604316545,63,0.5986394557823129,-20.650000000000002,76,0.5152224824355973,-31.049999999999997,P090_R225,0.9,2.25
PULLBACK_LONG|11_1330|SU,PULLBACK_LONG,LONG,512,0.36522498907819984,-0.567578125,248,0.40293040293040283,-130.4,264,0.3308270676691729,-160.2,P090_R225,0.9,2.25
PULLBACK_LONG|11_1330|UP,PULLBACK_LONG,LONG,92,0.5096525096525097,-0.41413043478260847,34,0.20276497695852533,-25.950000000000003,58,0.7308970099667775,-12.149999999999999,P090_R225,0.9,2.25
PULLBACK_LONG|1330_1515|SU,PULLBACK_LONG,LONG,411,0.1649793775778028,-0.8127737226277374,190,0.10418310970797158,-170.25,221,0.22000000000000003,-163.8,P090_R225,0.9,2.25
PULLBACK_LONG|1330_1515|UP,PULLBACK_LONG,LONG,68,0.1662887377173092,-0.8110294117647058,22,0.09977324263038548,-19.850000000000005,46,0.199546485260771,-35.29999999999999,P090_R225,0.9,2.25
PULLBACK_SHORT|02_06|DN,PULLBACK_SHORT,SHORT,148,0.4258614014711574,-0.5010135135135133,80,0.5238095238095238,-32.0,68,0.31961259079903154,-42.14999999999999,P090_R225,0.9,2.25
PULLBACK_SHORT|02_06|SD,PULLBACK_SHORT,SHORT,796,0.49452824608104107,-0.4293969849246231,421,0.49915966386554605,-178.8,375,0.4893483709273179,-162.99999999999994,P090_R225,0.9,2.25
PULLBACK_SHORT|06_0830|DN,PULLBACK_SHORT,SHORT,129,0.6627793974732751,-0.26899224806201544,63,0.8380952380952386,-7.649999999999996,66,0.51392632524708,-27.049999999999997,P090_R225,0.9,2.25
PULLBACK_SHORT|06_0830|SD,PULLBACK_SHORT,SHORT,458,0.8304297328687569,-0.12751091703056763,229,0.760770975056689,-42.19999999999999,229,0.903571428571428,-16.199999999999996,P090_R225,0.9,2.25
PULLBACK_SHORT|0830_11|DN,PULLBACK_SHORT,SHORT,145,0.2782738095238095,-0.6689655172413793,78,0.2732919254658386,-52.64999999999999,67,0.2841000807102503,-44.349999999999994,P090_R225,0.9,2.25
PULLBACK_SHORT|0830_11|SD,PULLBACK_SHORT,SHORT,551,0.45327446651949943,-0.4719600725952812,283,0.42796352583586605,-141.14999999999998,268,0.4805591961555263,-118.9,P090_R225,0.9,2.25
PULLBACK_SHORT|11_1330|DN,PULLBACK_SHORT,SHORT,128,0.2368530020703933,-0.7199218750000002,68,0.2404371584699454,-48.64999999999999,60,0.23280423280423287,-43.499999999999986,P090_R225,0.9,2.25
PULLBACK_SHORT|11_1330|SD,PULLBACK_SHORT,SHORT,692,0.281654957064793,-0.6648843930635837,367,0.2562982379496141,-255.35,325,0.31095406360424027,-204.75,P090_R225,0.9,2.25
PULLBACK_SHORT|1330_1515|DN,PULLBACK_SHORT,SHORT,42,0.5714285714285715,-0.3535714285714286,23,0.3142857142857143,-14.400000000000006,19,0.9670329670329667,-0.4500000000000002,P090_R225,0.9,2.25
PULLBACK_SHORT|1330_1515|SD,PULLBACK_SHORT,SHORT,428,0.19827061259286324,-0.7690420560747664,221,0.1309523809523809,-189.8,207,0.2747853239656518,-139.35,P090_R225,0.9,2.25
SWEEP_LONG|02_06|DN,SWEEP_LONG,LONG,90,0.38596491228070173,-0.5444444444444444,47,0.42979242979243004,-23.350000000000005,43,0.33976833976833987,-25.650000000000002,P090_R225,0.9,2.25
SWEEP_LONG|02_06|FLAT,SWEEP_LONG,LONG,83,0.4621848739495799,-0.46265060240963846,45,0.38596491228070184,-24.500000000000004,38,0.5587301587301586,-13.900000000000006,P090_R225,0.9,2.25
SWEEP_LONG|02_06|SD,SWEEP_LONG,LONG,369,0.5892857142857141,-0.3365853658536585,195,0.5927318295739348,-64.99999999999999,174,0.5854341736694679,-59.199999999999996,P090_R225,0.9,2.25
SWEEP_LONG|02_06|SU,SWEEP_LONG,LONG,181,0.6136054421768707,-0.3138121546961326,73,0.6360544217687076,-21.399999999999995,108,0.5986394557823129,-35.39999999999999,P090_R225,0.9,2.25
SWEEP_LONG|02_06|UP,SWEEP_LONG,LONG,71,1.0699088145896662,0.04859154929577473,27,1.4404761904761905,7.400000000000003,44,0.878648233486943,-3.9499999999999975,P090_R225,0.9,2.25
SWEEP_LONG|06_0830|DN,SWEEP_LONG,LONG,87,0.6254442075337601,-0.3028735632183908,36,0.41904761904761895,-18.300000000000004,51,0.792792792792793,-8.049999999999997,P090_R225,0.9,2.25
SWEEP_LONG|06_0830|FLAT,SWEEP_LONG,LONG,94,0.7591442374051072,-0.18563829787234037,44,0.5387755102040818,-16.950000000000003,50,0.9859943977591038,-0.49999999999999645,P090_R225,0.9,2.25
SWEEP_LONG|06_0830|SD,SWEEP_LONG,LONG,239,1.0542078466606768,0.03786610878661094,129,1.1224489795918369,10.800000000000006,110,0.977777777777778,-1.7499999999999964,P090_R225,0.9,2.25
SWEEP_LONG|06_0830|SU,SWEEP_LONG,LONG,115,0.7732426303854877,-0.17391304347826084,52,0.9312169312169315,-2.599999999999998,63,0.6547619047619048,-17.400000000000002,P090_R225,0.9,2.25
SWEEP_LONG|06_0830|UP,SWEEP_LONG,LONG,89,0.6073153899240858,-0.31966292134831453,42,0.5714285714285715,-14.850000000000001,47,0.6402116402116403,-13.600000000000005,P090_R225,0.9,2.25
SWEEP_LONG|0830_11|DN,SWEEP_LONG,LONG,67,0.2060889929742389,-0.7589552238805969,36,0.1904761904761905,-28.050000000000004,31,0.22448979591836732,-22.800000000000008,P090_R225,0.9,2.25
SWEEP_LONG|0830_11|FLAT,SWEEP_LONG,LONG,61,0.4108309990662933,-0.5172131147540984,35,0.27035330261136714,-23.750000000000004,26,0.6285714285714284,-7.800000000000001,P090_R225,0.9,2.25
SWEEP_LONG|0830_11|SD,SWEEP_LONG,LONG,239,0.4338624338624338,-0.49246861924686186,117,0.4062196307094267,-61.09999999999999,122,0.46095238095238106,-56.599999999999994,P090_R225,0.9,2.25
SWEEP_LONG|0830_11|SU,SWEEP_LONG,LONG,86,0.33976833976833976,-0.5965116279069765,33,0.4656084656084655,-15.15,53,0.2674772036474165,-36.14999999999999,P090_R225,0.9,2.25
SWEEP_LONG|0830_11|UP,SWEEP_LONG,LONG,54,0.5359911406423035,-0.387962962962963,33,0.564102564102564,-11.9,21,0.49299719887955185,-9.050000000000002,P090_R225,0.9,2.25
SWEEP_LONG|11_1330|DN,SWEEP_LONG,LONG,33,0.4656084656084655,-0.4590909090909091,17,0.6446886446886445,-4.85,16,0.2993197278911564,-10.3,P090_R225,0.9,2.25
SWEEP_LONG|11_1330|FLAT,SWEEP_LONG,LONG,39,0.38095238095238093,-0.5500000000000002,14,0.34920634920634913,-8.200000000000003,25,0.3990929705215419,-13.250000000000002,P090_R225,0.9,2.25
SWEEP_LONG|11_1330|SD,SWEEP_LONG,LONG,194,0.16296296296296292,-0.8154639175257733,100,0.15770609318996415,-82.25,94,0.1685823754789272,-75.94999999999999,P090_R225,0.9,2.25
SWEEP_LONG|11_1330|SU,SWEEP_LONG,LONG,128,0.3208923208923209,-0.618359375,62,0.22448979591836735,-45.59999999999998,66,0.41904761904761917,-33.55,P090_R225,0.9,2.25
SWEEP_LONG|11_1330|UP,SWEEP_LONG,LONG,33,0.2889983579638752,-0.6560606060606061,11,0.0,-11.550000000000002,22,0.4656084656084656,-10.100000000000001,P090_R225,0.9,2.25
SWEEP_LONG|1330_1515|DN,SWEEP_LONG,LONG,29,0.43650793650793646,-0.4896551724137932,17,0.6446886446886445,-4.85,12,0.19047619047619044,-9.350000000000001,P090_R225,0.9,2.25
SWEEP_LONG|1330_1515|FLAT,SWEEP_LONG,LONG,26,0.3809523809523809,-0.55,14,0.0,-14.700000000000005,12,1.0476190476190477,0.40000000000000036,P090_R225,0.9,2.25
SWEEP_LONG|1330_1515|SD,SWEEP_LONG,LONG,140,0.270353302611367,-0.6785714285714285,66,0.13517665130568363,-56.3,74,0.40552995391705077,-38.69999999999999,P090_R225,0.9,2.25
SWEEP_LONG|1330_1515|SU,SWEEP_LONG,LONG,103,0.2006079027355623,-0.7660194174757281,45,0.20441347270615567,-34.249999999999986,58,0.19766397124887697,-44.64999999999999,P090_R225,0.9,2.25
SWEEP_LONG|1330_1515|UP,SWEEP_LONG,LONG,30,0.3223443223443223,-0.6166666666666669,14,0.34920634920634913,-8.200000000000001,16,0.2993197278911564,-10.3,P090_R225,0.9,2.25
SWEEP_SHORT|02_06|DN,SWEEP_SHORT,SHORT,72,0.33794162826420904,-0.598611111111111,36,0.5057471264367814,-15.050000000000004,36,0.1904761904761905,-28.050000000000004,P090_R225,0.9,2.25
SWEEP_SHORT|02_06|FLAT,SWEEP_SHORT,SHORT,87,0.47216633132126107,-0.4522988505747124,42,0.4929971988795519,-18.1,45,0.4530244530244532,-21.250000000000004,P090_R225,0.9,2.25
SWEEP_SHORT|02_06|SD,SWEEP_SHORT,SHORT,158,0.574500768049155,-0.350632911392405,79,0.7102502017756258,-17.95,79,0.45128205128205123,-37.44999999999998,P090_R225,0.9,2.25
SWEEP_SHORT|02_06|SU,SWEEP_SHORT,SHORT,424,0.5645851154833188,-0.3601415094339622,189,0.6739926739926743,-48.949999999999974,235,0.48267265021191724,-103.75,P090_R225,0.9,2.25
SWEEP_SHORT|02_06|UP,SWEEP_SHORT,SHORT,104,0.973843058350101,-0.01874999999999994,52,0.9312169312169315,-2.599999999999998,52,1.0176870748299323,0.6500000000000052,P090_R225,0.9,2.25
SWEEP_SHORT|06_0830|DN,SWEEP_SHORT,SHORT,69,0.7961904761904766,-0.15507246376811593,28,0.5714285714285713,-9.900000000000002,41,0.9727891156462583,-0.799999999999998,P090_R225,0.9,2.25
SWEEP_SHORT|06_0830|FLAT,SWEEP_SHORT,SHORT,76,0.7482993197278914,-0.19473684210526312,39,0.8231292517006801,-5.199999999999999,37,0.6734693877551019,-9.6,P090_R225,0.9,2.25
SWEEP_SHORT|06_0830|SD,SWEEP_SHORT,SHORT,102,0.7542857142857144,-0.1897058823529412,52,0.7719298245614037,-9.099999999999998,50,0.7361647361647363,-10.25,P090_R225,0.9,2.25
SWEEP_SHORT|06_0830|SU,SWEEP_SHORT,SHORT,308,0.7228113953004777,-0.2163961038961038,141,0.8888888888888888,-11.54999999999999,167,0.5963369963369964,-55.1,P090_R225,0.9,2.25
SWEEP_SHORT|06_0830|UP,SWEEP_SHORT,SHORT,76,1.2928064842958469,0.19013157894736846,40,1.3968253968253967,10.0,36,1.1842650103519665,4.450000000000003,P090_R225,0.9,2.25
SWEEP_SHORT|0830_11|DN,SWEEP_SHORT,SHORT,65,0.4268077601410936,-0.5,37,0.6734693877551019,-9.6,28,0.16117216117216115,-22.900000000000006,P090_R225,0.9,2.25
SWEEP_SHORT|0830_11|FLAT,SWEEP_SHORT,SHORT,45,0.4530244530244532,-0.4722222222222223,21,0.6547619047619048,-5.799999999999999,24,0.2993197278911564,-15.450000000000003,P090_R225,0.9,2.25
SWEEP_SHORT|0830_11|SD,SWEEP_SHORT,SHORT,97,0.26799557032115173,-0.6814432989690723,43,0.15714285714285717,-35.39999999999999,54,0.3643892339544515,-30.700000000000003,P090_R225,0.9,2.25
SWEEP_SHORT|0830_11|SU,SWEEP_SHORT,SHORT,249,0.5003553660270076,-0.4234939759036145,108,0.6643437862950059,-28.9,141,0.3873549419767908,-76.54999999999998,P090_R225,0.9,2.25
SWEEP_SHORT|0830_11|UP,SWEEP_SHORT,SHORT,67,0.3675856307435255,-0.5649253731343282,33,0.3741496598639455,-18.400000000000002,34,0.36124794745484395,-19.450000000000003,P090_R225,0.9,2.25
SWEEP_SHORT|11_1330|DN,SWEEP_SHORT,SHORT,51,0.44897959183673475,-0.47647058823529415,25,0.3990929705215419,-13.250000000000002,26,0.49886621315192736,-11.050000000000002,P090_R225,0.9,2.25
SWEEP_SHORT|11_1330|FLAT,SWEEP_SHORT,SHORT,53,0.318840579710145,-0.620754716981132,28,0.2514285714285714,-19.650000000000006,25,0.3990929705215419,-13.250000000000002,P090_R225,0.9,2.25
SWEEP_SHORT|11_1330|SD,SWEEP_SHORT,SHORT,150,0.2857142857142858,-0.6599999999999998,66,0.17174082747853245,-53.05,84,0.3836351441985245,-45.94999999999999,P090_R225,0.9,2.25
SWEEP_SHORT|11_1330|SU,SWEEP_SHORT,SHORT,238,0.3254738788719371,-0.6130252100840335,108,0.2619047619047618,-74.4,130,0.38095238095238104,-71.5,P090_R225,0.9,2.25
SWEEP_SHORT|11_1330|UP,SWEEP_SHORT,SHORT,53,0.1710398445092323,-0.8047169811320751,26,0.0838095238095238,-24.050000000000004,27,0.2619047619047619,-18.6,P090_R225,0.9,2.25
SWEEP_SHORT|1330_1515|DN,SWEEP_SHORT,SHORT,26,0.27329192546583847,-0.6750000000000002,14,0.16117216117216113,-11.450000000000003,12,0.419047619047619,-6.1000000000000005,P090_R225,0.9,2.25
SWEEP_SHORT|1330_1515|FLAT,SWEEP_SHORT,SHORT,32,0.5866666666666666,-0.33906250000000004,18,0.41904761904761895,-9.150000000000002,14,0.838095238095238,-1.6999999999999997,P090_R225,0.9,2.25
SWEEP_SHORT|1330_1515|SD,SWEEP_SHORT,SHORT,82,0.2583170254403131,-0.6932926829268292,38,0.11640211640211644,-33.4,44,0.3963963963963965,-23.450000000000003,P090_R225,0.9,2.25
SWEEP_SHORT|1330_1515|SU,SWEEP_SHORT,SHORT,153,0.46933333333333316,-0.4552287581699346,57,0.5010351966873707,-24.099999999999998,96,0.4508740204942738,-45.55,P090_R225,0.9,2.25
SWEEP_SHORT|1330_1515|UP,SWEEP_SHORT,SHORT,27,0.2619047619047619,-0.6888888888888891,12,0.419047619047619,-6.1,15,0.1496598639455782,-12.500000000000004,P090_R225,0.9,2.25
VWAP_LONG|02_06|FLAT,VWAP_LONG,LONG,39,0.7224958949096879,-0.21666666666666665,22,0.7857142857142856,-3.5999999999999988,17,0.6446886446886445,-4.85,P090_R225,0.9,2.25
VWAP_LONG|02_06|SU,VWAP_LONG,LONG,153,0.46933333333333316,-0.4552287581699346,70,0.3906376109765941,-37.74999999999998,83,0.5396825396825398,-31.900000000000002,P090_R225,0.9,2.25
VWAP_LONG|02_06|UP,VWAP_LONG,LONG,114,0.7482993197278913,-0.19473684210526312,48,0.7782312925170068,-8.149999999999999,66,0.7269193391642373,-14.049999999999999,P090_R225,0.9,2.25
VWAP_LONG|06_0830|FLAT,VWAP_LONG,LONG,26,0.9312169312169312,-0.049999999999999975,12,1.0476190476190477,0.4000000000000008,14,0.838095238095238,-1.6999999999999997,P090_R225,0.9,2.25
VWAP_LONG|06_0830|SU,VWAP_LONG,LONG,30,1.0476190476190474,0.033333333333333354,15,1.3968253968253965,3.750000000000001,15,0.7619047619047618,-2.749999999999999,P090_R225,0.9,2.25
VWAP_LONG|06_0830|UP,VWAP_LONG,LONG,82,0.7213114754098365,-0.21768292682926826,44,0.6162464985994398,-13.700000000000003,38,0.8536155202821868,-4.149999999999998,P090_R225,0.9,2.25
VWAP_LONG|0830_11|FLAT,VWAP_LONG,LONG,25,0.3990929705215419,-0.53,11,0.2095238095238095,-8.3,14,0.5714285714285714,-4.949999999999999,P090_R225,0.9,2.25
VWAP_LONG|0830_11|SU,VWAP_LONG,LONG,46,0.7394957983193278,-0.20217391304347831,28,0.5714285714285713,-9.900000000000002,18,1.0476190476190472,0.6000000000000005,P090_R225,0.9,2.25
VWAP_LONG|0830_11|UP,VWAP_LONG,LONG,74,0.48888888888888893,-0.43513513513513497,39,0.38095238095238093,-21.450000000000006,35,0.6208112874779541,-10.750000000000004,P090_R225,0.9,2.25
VWAP_LONG|11_1330|FLAT,VWAP_LONG,LONG,10,0.0,-1.0500000000000003,3,0.0,-3.1500000000000004,7,0.0,-7.35,P090_R225,0.9,2.25
VWAP_LONG|11_1330|SU,VWAP_LONG,LONG,9,0.0,-1.05,4,0.0,-4.2,5,0.0,-5.25,P090_R225,0.9,2.25
VWAP_LONG|11_1330|UP,VWAP_LONG,LONG,31,0.0,-1.05,8,0.0,-8.4,23,0.0,-24.150000000000006,P090_R225,0.9,2.25
VWAP_LONG|1330_1515|FLAT,VWAP_LONG,LONG,2,0.0,-1.05,1,0.0,-1.05,1,0.0,-1.05,P090_R225,0.9,2.25
VWAP_LONG|1330_1515|SU,VWAP_LONG,LONG,19,0.1164021164021164,-0.8789473684210528,15,0.0,-15.750000000000005,4,0.6984126984126984,-0.95,P090_R225,0.9,2.25
VWAP_LONG|1330_1515|UP,VWAP_LONG,LONG,7,0.8380952380952381,-0.12142857142857137,5,0.5238095238095238,-2.0,2,2.0952380952380953,1.1500000000000001,P090_R225,0.9,2.25
VWAP_SHORT|02_06|DN,VWAP_SHORT,SHORT,98,0.6795366795366796,-0.25408163265306116,58,0.7308970099667775,-12.149999999999997,40,0.608294930875576,-12.75,P090_R225,0.9,2.25
VWAP_SHORT|02_06|FLAT,VWAP_SHORT,SHORT,28,0.838095238095238,-0.12142857142857141,13,0.9312169312169312,-0.6499999999999997,15,0.7619047619047618,-2.749999999999999,P090_R225,0.9,2.25
VWAP_SHORT|02_06|SD,VWAP_SHORT,SHORT,164,0.6984126984126982,-0.23750000000000002,92,0.8703296703296706,-8.849999999999994,72,0.5057471264367817,-30.099999999999994,P090_R225,0.9,2.25
VWAP_SHORT|06_0830|DN,VWAP_SHORT,SHORT,80,0.40653873489694387,-0.521875,45,0.3223443223443225,-27.750000000000004,35,0.5238095238095236,-14.000000000000002,P090_R225,0.9,2.25
VWAP_SHORT|06_0830|FLAT,VWAP_SHORT,SHORT,35,0.838095238095238,-0.12142857142857136,15,1.0476190476190474,0.5000000000000007,20,0.6984126984126982,-4.749999999999999,P090_R225,0.9,2.25
VWAP_SHORT|06_0830|SD,VWAP_SHORT,SHORT,24,1.0476190476190477,0.03333333333333336,14,0.838095238095238,-1.6999999999999993,10,1.396825396825397,2.5000000000000004,P090_R225,0.9,2.25
VWAP_SHORT|0830_11|DN,VWAP_SHORT,SHORT,84,0.5714285714285716,-0.35357142857142854,44,0.6162464985994398,-13.7,40,0.5238095238095238,-16.0,P090_R225,0.9,2.25
VWAP_SHORT|0830_11|FLAT,VWAP_SHORT,SHORT,29,0.5465838509316768,-0.3775862068965518,14,0.34920634920634913,-8.200000000000001,15,0.7619047619047618,-2.749999999999999,P090_R225,0.9,2.25
VWAP_SHORT|0830_11|SD,VWAP_SHORT,SHORT,45,0.20441347270615567,-0.761111111111111,29,0.24175824175824173,-20.700000000000006,16,0.13968253968253966,-13.55,P090_R225,0.9,2.25
VWAP_SHORT|11_1330|DN,VWAP_SHORT,SHORT,32,0.2167487684729064,-0.7453125,13,0.17460317460317457,-10.400000000000002,19,0.24649859943977592,-13.450000000000003,P090_R225,0.9,2.25
VWAP_SHORT|11_1330|FLAT,VWAP_SHORT,SHORT,10,0.2328042328042328,-0.7250000000000001,6,0.0,-6.3,4,0.6984126984126984,-0.9500000000000002,P090_R225,0.9,2.25
VWAP_SHORT|11_1330|SD,VWAP_SHORT,SHORT,8,0.0,-1.05,3,0.0,-3.1500000000000004,5,0.0,-5.25,P090_R225,0.9,2.25
VWAP_SHORT|1330_1515|DN,VWAP_SHORT,SHORT,5,0.0,-1.05,4,0.0,-4.2,1,0.0,-1.05,P090_R225,0.9,2.25
VWAP_SHORT|1330_1515|FLAT,VWAP_SHORT,SHORT,5,0.0,-1.05,4,0.0,-4.2,1,0.0,-1.05,P090_R225,0.9,2.25
VWAP_SHORT|1330_1515|SD,VWAP_SHORT,SHORT,6,0.41904761904761906,-0.5083333333333333,6,0.41904761904761906,-3.05,0,0.0,0.0,P090_R225,0.9,2.25
EXHAUST_LONG|02_06|DN,EXHAUST_LONG,LONG,70,0.5320197044334976,-0.40714285714285714,41,0.6233766233766235,-13.05,29,0.4114285714285714,-15.450000000000006,P090_R275,0.9,2.75
EXHAUST_LONG|02_06|FLAT,EXHAUST_LONG,LONG,38,0.2204081632653062,-0.7539473684210526,23,0.11688311688311687,-20.400000000000006,15,0.39560439560439553,-8.250000000000004,P090_R275,0.9,2.75
EXHAUST_LONG|02_06|SD,EXHAUST_LONG,LONG,604,0.4385382059800663,-0.5036423841059602,322,0.48392198207696346,-146.85,282,0.388338192419825,-157.35,P090_R275,0.9,2.75
EXHAUST_LONG|02_06|SU,EXHAUST_LONG,LONG,1,0.0,-1.05,0,0.0,0.0,1,0.0,-1.05,P090_R275,0.9,2.75
EXHAUST_LONG|02_06|UP,EXHAUST_LONG,LONG,10,0.0,-1.0500000000000003,6,0.0,-6.3,4,0.0,-4.2,P090_R275,0.9,2.75
EXHAUST_LONG|06_0830|DN,EXHAUST_LONG,LONG,50,0.48979591836734704,-0.45,21,0.8035714285714285,-3.3,29,0.2967032967032967,-19.200000000000006,P090_R275,0.9,2.75
EXHAUST_LONG|06_0830|FLAT,EXHAUST_LONG,LONG,19,0.14285714285714285,-0.8526315789473685,3,0.0,-3.1500000000000004,16,0.17142857142857137,-13.05,P090_R275,0.9,2.75
EXHAUST_LONG|06_0830|SD,EXHAUST_LONG,LONG,318,0.7936507936507932,-0.16556603773584902,174,0.8703296703296705,-17.699999999999996,144,0.7054361567635905,-34.949999999999996,P090_R275,0.9,2.75
EXHAUST_LONG|06_0830|UP,EXHAUST_LONG,LONG,3,0.0,-1.05,1,0.0,-1.05,2,0.0,-2.1,P090_R275,0.9,2.75
EXHAUST_LONG|0830_11|DN,EXHAUST_LONG,LONG,50,0.2857142857142858,-0.6749999999999998,23,0.24489795918367344,-16.650000000000006,27,0.32142857142857145,-17.100000000000005,P090_R275,0.9,2.75
EXHAUST_LONG|0830_11|FLAT,EXHAUST_LONG,LONG,16,0.5934065934065933,-0.34687500000000004,9,0.32142857142857145,-5.7,7,1.0285714285714287,0.1499999999999999,P090_R275,0.9,2.75
EXHAUST_LONG|0830_11|SD,EXHAUST_LONG,LONG,423,0.32914285714285707,-0.6244680851063831,208,0.3354037267080745,-128.40000000000003,215,0.32311144353029175,-135.75,P090_R275,0.9,2.75
EXHAUST_LONG|0830_11|UP,EXHAUST_LONG,LONG,7,0.4285714285714286,-0.5142857142857142,5,0.6428571428571429,-1.5,2,0.0,-2.1,P090_R275,0.9,2.75
EXHAUST_LONG|11_1330|DN,EXHAUST_LONG,LONG,12,0.0,-1.0500000000000003,6,0.0,-6.3,6,0.0,-6.3,P090_R275,0.9,2.75
EXHAUST_LONG|11_1330|FLAT,EXHAUST_LONG,LONG,2,0.0,-1.05,1,0.0,-1.05,1,0.0,-1.05,P090_R275,0.9,2.75
EXHAUST_LONG|11_1330|SD,EXHAUST_LONG,LONG,368,0.2365409071640526,-0.7341032608695653,209,0.2276785714285714,-155.70000000000005,159,0.24827586206896554,-114.44999999999999,P090_R275,0.9,2.75
EXHAUST_LONG|1330_1515|DN,EXHAUST_LONG,LONG,7,0.4285714285714286,-0.5142857142857142,2,0.0,-2.1,5,0.6428571428571429,-1.5,P090_R275,0.9,2.75
EXHAUST_LONG|1330_1515|SD,EXHAUST_LONG,LONG,211,0.2544642857142857,-0.7123222748815167,117,0.32142857142857134,-74.1,94,0.17532467532467527,-76.19999999999999,P090_R275,0.9,2.75
EXHAUST_LONG|1330_1515|SU,EXHAUST_LONG,LONG,1,99.0,2.7,0,0.0,0.0,1,99.0,2.7,P090_R275,0.9,2.75
EXHAUST_LONG|1330_1515|UP,EXHAUST_LONG,LONG,1,0.0,-1.05,0,0.0,0.0,1,0.0,-1.05,P090_R275,0.9,2.75
EXHAUST_SHORT|02_06|DN,EXHAUST_SHORT,SHORT,7,1.0285714285714287,0.021428571428571446,3,0.0,-3.1500000000000004,4,2.5714285714285716,3.3000000000000007,P090_R275,0.9,2.75
EXHAUST_SHORT|02_06|FLAT,EXHAUST_SHORT,SHORT,21,0.12857142857142856,-0.8714285714285717,7,0.0,-7.35,14,0.19780219780219777,-10.950000000000001,P090_R275,0.9,2.75
EXHAUST_SHORT|02_06|SU,EXHAUST_SHORT,SHORT,735,0.438125568698817,-0.5040816326530613,329,0.4392475851550584,-165.45,406,0.43721696171263874,-205.05,P090_R275,0.9,2.75
EXHAUST_SHORT|02_06|UP,EXHAUST_SHORT,SHORT,84,0.4708249496981893,-0.46964285714285703,39,0.3781512605042017,-22.200000000000006,45,0.5559845559845562,-17.250000000000004,P090_R275,0.9,2.75
EXHAUST_SHORT|06_0830|DN,EXHAUST_SHORT,SHORT,3,99.0,2.7000000000000006,2,99.0,5.4,1,99.0,2.7,P090_R275,0.9,2.75
EXHAUST_SHORT|06_0830|FLAT,EXHAUST_SHORT,SHORT,19,0.4821428571428572,-0.4578947368421053,9,0.7346938775510204,-1.95,10,0.2857142857142857,-6.75,P090_R275,0.9,2.75
EXHAUST_SHORT|06_0830|SD,EXHAUST_SHORT,SHORT,3,0.0,-1.05,3,0.0,-3.1500000000000004,0,0.0,0.0,P090_R275,0.9,2.75
EXHAUST_SHORT|06_0830|SU,EXHAUST_SHORT,SHORT,453,0.7191283292978207,-0.23046357615894042,199,0.6878980891719745,-51.449999999999996,254,0.7440174039158809,-52.95000000000001,P090_R275,0.9,2.75
EXHAUST_SHORT|06_0830|UP,EXHAUST_SHORT,SHORT,48,0.5934065934065937,-0.346875,28,0.3085714285714286,-18.150000000000002,20,1.1020408163265303,1.5000000000000007,P090_R275,0.9,2.75
EXHAUST_SHORT|0830_11|DN,EXHAUST_SHORT,SHORT,5,0.0,-1.05,4,0.0,-4.2,1,0.0,-1.05,P090_R275,0.9,2.75
EXHAUST_SHORT|0830_11|FLAT,EXHAUST_SHORT,SHORT,19,0.0,-1.05,12,0.0,-12.600000000000003,7,0.0,-7.35,P090_R275,0.9,2.75
EXHAUST_SHORT|0830_11|SD,EXHAUST_SHORT,SHORT,2,0.0,-1.05,1,0.0,-1.05,1,0.0,-1.05,P090_R275,0.9,2.75
EXHAUST_SHORT|0830_11|SU,EXHAUST_SHORT,SHORT,444,0.3863804589193189,-0.5601351351351351,225,0.38046647230320707,-127.5,219,0.3924812030075189,-121.19999999999999,P090_R275,0.9,2.75
EXHAUST_SHORT|0830_11|UP,EXHAUST_SHORT,SHORT,54,0.20571428571428577,-0.7722222222222219,34,0.2488479262672811,-24.450000000000003,20,0.13533834586466165,-17.250000000000004,P090_R275,0.9,2.75
EXHAUST_SHORT|11_1330|FLAT,EXHAUST_SHORT,SHORT,2,0.0,-1.05,1,0.0,-1.05,1,0.0,-1.05,P090_R275,0.9,2.75
EXHAUST_SHORT|11_1330|SU,EXHAUST_SHORT,SHORT,442,0.14764183185235816,-0.8463800904977377,225,0.11960132890365445,-198.75000000000003,217,0.17733990147783252,-175.35000000000002,P090_R275,0.9,2.75
EXHAUST_SHORT|11_1330|UP,EXHAUST_SHORT,SHORT,15,0.18367346938775506,-0.8000000000000002,9,0.32142857142857145,-5.7,6,0.0,-6.3,P090_R275,0.9,2.75
EXHAUST_SHORT|1330_1515|FLAT,EXHAUST_SHORT,SHORT,1,0.0,-1.05,0,0.0,0.0,1,0.0,-1.05,P090_R275,0.9,2.75
EXHAUST_SHORT|1330_1515|SU,EXHAUST_SHORT,SHORT,286,0.2790697674418605,-0.6828671328671329,133,0.23185011709601863,-98.39999999999999,153,0.32142857142857145,-96.9,P090_R275,0.9,2.75
EXHAUST_SHORT|1330_1515|UP,EXHAUST_SHORT,SHORT,9,0.32142857142857145,-0.6333333333333333,6,0.0,-6.3,3,1.2857142857142858,0.6000000000000001,P090_R275,0.9,2.75
PULLBACK_LONG|02_06|SU,PULLBACK_LONG,LONG,793,0.4273109243697479,-0.5156368221941993,395,0.30594900849858353,-257.25,398,0.5583224115334204,-151.64999999999998,P090_R275,0.9,2.75
PULLBACK_LONG|02_06|UP,PULLBACK_LONG,LONG,144,0.7644787644787645,-0.19062499999999993,70,1.028571428571429,1.500000000000006,74,0.548009367681499,-28.95,P090_R275,0.9,2.75
PULLBACK_LONG|06_0830|SU,PULLBACK_LONG,LONG,515,0.6585365853658535,-0.2854368932038835,262,0.6832298136645958,-68.85,253,0.6333567909922587,-78.15,P090_R275,0.9,2.75
PULLBACK_LONG|06_0830|UP,PULLBACK_LONG,LONG,117,0.5301914580265096,-0.40897435897435885,53,0.26785714285714285,-36.899999999999984,64,0.7871720116618078,-10.95,P090_R275,0.9,2.75
PULLBACK_LONG|0830_11|SU,PULLBACK_LONG,LONG,456,0.2815432742440041,-0.679934210526316,189,0.3043110735418428,-123.44999999999999,267,0.26564344746162927,-186.60000000000002,P090_R275,0.9,2.75
PULLBACK_LONG|0830_11|UP,PULLBACK_LONG,LONG,139,0.24296962879640024,-0.7262589928057553,63,0.3214285714285714,-39.89999999999998,76,0.18108651911468818,-61.04999999999999,P090_R275,0.9,2.75
PULLBACK_LONG|11_1330|SU,PULLBACK_LONG,LONG,512,0.26600985221674867,-0.6984375,248,0.34050880626223096,-151.65,264,0.1994169096209912,-205.95000000000005,P090_R275,0.9,2.75
PULLBACK_LONG|11_1330|UP,PULLBACK_LONG,LONG,92,0.27882960413080893,-0.6831521739130434,34,0.16071428571428573,-28.200000000000003,58,0.35294117647058826,-34.64999999999999,P090_R275,0.9,2.75
PULLBACK_LONG|1330_1515|SU,PULLBACK_LONG,LONG,411,0.0773361976369495,-0.9405109489051097,190,0.0552995391705069,-184.5,221,0.096579476861167,-202.05,P090_R275,0.9,2.75
PULLBACK_LONG|1330_1515|UP,PULLBACK_LONG,LONG,68,0.07792207792207793,-0.9397058823529411,22,0.0,-23.100000000000005,46,0.11688311688311692,-40.79999999999998,P090_R275,0.9,2.75
PULLBACK_SHORT|02_06|DN,PULLBACK_SHORT,SHORT,148,0.3560439560439561,-0.5939189189189189,80,0.45378151260504207,-39.0,68,0.24884792626728117,-48.89999999999999,P090_R275,0.9,2.75
PULLBACK_SHORT|02_06|SD,PULLBACK_SHORT,SHORT,796,0.4036544850498338,-0.5412060301507537,421,0.4108618654073198,-224.55,375,0.39560439560439553,-206.24999999999997,P090_R275,0.9,2.75
PULLBACK_SHORT|06_0830|DN,PULLBACK_SHORT,SHORT,129,0.5287049399198933,-0.4104651162790698,63,0.6685714285714287,-17.400000000000002,66,0.406015037593985,-35.55,P090_R275,0.9,2.75
PULLBACK_SHORT|06_0830|SD,PULLBACK_SHORT,SHORT,458,0.7274909963985592,-0.22303493449781656,229,0.6999999999999998,-56.69999999999999,229,0.7554479418886195,-45.449999999999996,P090_R275,0.9,2.75
PULLBACK_SHORT|0830_11|DN,PULLBACK_SHORT,SHORT,145,0.23200859291084858,-0.7396551724137931,78,0.25352112676056343,-55.64999999999999,67,0.207373271889401,-51.599999999999994,P090_R275,0.9,2.75
PULLBACK_SHORT|0830_11|SD,PULLBACK_SHORT,SHORT,551,0.32011661807580155,-0.6348457350272232,283,0.35111876075731496,-169.64999999999998,268,0.2880853586247777,-180.15,P090_R275,0.9,2.75
PULLBACK_SHORT|11_1330|DN,PULLBACK_SHORT,SHORT,128,0.17142857142857137,-0.8156250000000003,68,0.1186813186813187,-60.14999999999999,60,0.23376623376623384,-44.249999999999986,P090_R275,0.9,2.75
PULLBACK_SHORT|11_1330|SD,PULLBACK_SHORT,SHORT,692,0.20459104078448842,-0.7736271676300578,367,0.1879699248120301,-291.6,325,0.22360248447204972,-243.75,P090_R275,0.9,2.75
PULLBACK_SHORT|1330_1515|DN,PULLBACK_SHORT,SHORT,42,0.1285714285714286,-0.8714285714285713,23,0.11688311688311687,-20.400000000000006,19,0.14285714285714285,-16.200000000000003,P090_R275,0.9,2.75
PULLBACK_SHORT|1330_1515|SD,PULLBACK_SHORT,SHORT,428,0.12605042016806722,-0.8747663551401871,221,0.07176079734219266,-209.55,207,0.18652849740932642,-164.85000000000002,P090_R275,0.9,2.75
SWEEP_LONG|02_06|DN,SWEEP_LONG,LONG,90,0.15126050420168066,-0.8416666666666668,47,0.11428571428571432,-41.84999999999998,43,0.1928571428571429,-33.9,P090_R275,0.9,2.75
SWEEP_LONG|02_06|FLAT,SWEEP_LONG,LONG,83,0.3928571428571428,-0.5530120481927709,45,0.47368421052631593,-21.000000000000004,38,0.3025210084033614,-24.900000000000006,P090_R275,0.9,2.75
SWEEP_LONG|02_06|SD,SWEEP_LONG,LONG,369,0.3937499999999999,-0.5520325203252033,195,0.413265306122449,-103.5,174,0.3721804511278196,-100.19999999999999,P090_R275,0.9,2.75
SWEEP_LONG|02_06|SU,SWEEP_LONG,LONG,181,0.45083487940630806,-0.4906077348066299,73,0.2727272727272727,-50.4,108,0.5844155844155844,-38.39999999999999,P090_R275,0.9,2.75
SWEEP_LONG|02_06|UP,SWEEP_LONG,LONG,71,0.7480519480519484,-0.20492957746478874,27,0.7346938775510202,-5.8500000000000005,44,0.7563025210084034,-8.700000000000001,P090_R275,0.9,2.75
SWEEP_LONG|06_0830|DN,SWEEP_LONG,LONG,87,0.4517374517374517,-0.48965517241379286,36,0.41474654377880177,-19.050000000000004,51,0.4784053156146181,-23.55,P090_R275,0.9,2.75
SWEEP_LONG|06_0830|FLAT,SWEEP_LONG,LONG,94,0.6949806949806951,-0.2521276595744681,44,0.4864864864864866,-19.950000000000003,50,0.9034749034749038,-3.7499999999999982,P090_R275,0.9,2.75
SWEEP_LONG|06_0830|SD,SWEEP_LONG,LONG,239,0.8619313647246603,-0.10857740585774053,129,0.8839285714285713,-11.699999999999992,110,0.836488812392427,-14.25,P090_R275,0.9,2.75
SWEEP_LONG|06_0830|SU,SWEEP_LONG,LONG,115,0.6082949308755762,-0.33260869565217377,52,0.6122448979591838,-17.1,63,0.6050420168067228,-21.150000000000002,P090_R275,0.9,2.75
SWEEP_LONG|06_0830|UP,SWEEP_LONG,LONG,89,0.6519114688128775,-0.29157303370786514,42,0.6050420168067228,-14.100000000000001,47,0.6949806949806953,-11.850000000000005,P090_R275,0.9,2.75
SWEEP_LONG|0830_11|DN,SWEEP_LONG,LONG,67,0.207373271889401,-0.7701492537313432,36,0.1512605042016807,-30.300000000000004,31,0.2755102040816326,-21.300000000000008,P090_R275,0.9,2.75
SWEEP_LONG|0830_11|FLAT,SWEEP_LONG,LONG,61,0.22959183673469388,-0.7426229508196719,35,0.07563025210084034,-33.0,26,0.46753246753246747,-12.300000000000002,P090_R275,0.9,2.75
SWEEP_LONG|0830_11|SD,SWEEP_LONG,LONG,239,0.3274932614555256,-0.6263598326359833,117,0.2938775510204081,-77.85,122,0.3604806408544726,-71.85,P090_R275,0.9,2.75
SWEEP_LONG|0830_11|SU,SWEEP_LONG,LONG,86,0.2637362637362638,-0.7011627906976742,33,0.2571428571428571,-23.400000000000002,53,0.26785714285714285,-36.899999999999984,P090_R275,0.9,2.75
SWEEP_LONG|0830_11|UP,SWEEP_LONG,LONG,54,0.5142857142857145,-0.42500000000000004,33,0.5714285714285713,-12.150000000000002,21,0.4285714285714286,-10.800000000000002,P090_R275,0.9,2.75
SWEEP_LONG|11_1330|DN,SWEEP_LONG,LONG,33,0.2571428571428571,-0.7090909090909091,17,0.5510204081632653,-6.6000000000000005,16,0.0,-16.8,P090_R275,0.9,2.75
SWEEP_LONG|11_1330|FLAT,SWEEP_LONG,LONG,39,0.29387755102040825,-0.6653846153846156,14,0.4285714285714285,-7.200000000000002,25,0.22360248447204964,-18.750000000000004,P090_R275,0.9,2.75
SWEEP_LONG|11_1330|SD,SWEEP_LONG,LONG,194,0.13975155279503101,-0.8567010309278351,100,0.10714285714285712,-90.0,94,0.17532467532467527,-76.19999999999999,P090_R275,0.9,2.75
SWEEP_LONG|11_1330|SU,SWEEP_LONG,LONG,128,0.17142857142857137,-0.8156250000000002,62,0.17733990147783255,-50.09999999999998,66,0.1658986175115208,-54.3,P090_R275,0.9,2.75
SWEEP_LONG|11_1330|UP,SWEEP_LONG,LONG,33,0.2571428571428571,-0.7090909090909091,11,0.0,-11.550000000000002,22,0.406015037593985,-11.850000000000005,P090_R275,0.9,2.75
SWEEP_LONG|1330_1515|DN,SWEEP_LONG,LONG,29,0.5357142857142857,-0.40344827586206905,17,0.7912087912087911,-2.8499999999999996,12,0.23376623376623373,-8.85,P090_R275,0.9,2.75
SWEEP_LONG|1330_1515|FLAT,SWEEP_LONG,LONG,26,0.3354037267080745,-0.6173076923076924,14,0.0,-14.700000000000005,12,0.8571428571428572,-1.3499999999999996,P090_R275,0.9,2.75
SWEEP_LONG|1330_1515|SD,SWEEP_LONG,LONG,140,0.2410714285714285,-0.7285714285714285,66,0.1224489795918368,-58.05,74,0.35604395604395606,-43.949999999999996,P090_R275,0.9,2.75
SWEEP_LONG|1330_1515|SU,SWEEP_LONG,LONG,103,0.10389610389610389,-0.9043689320388348,45,0.11960132890365452,-39.749999999999986,58,0.09183673469387756,-53.39999999999999,P090_R275,0.9,2.75
SWEEP_LONG|1330_1515|UP,SWEEP_LONG,LONG,30,0.2857142857142857,-0.6750000000000003,14,0.4285714285714285,-7.199999999999999,16,0.17142857142857137,-13.05,P090_R275,0.9,2.75
SWEEP_SHORT|02_06|DN,SWEEP_SHORT,SHORT,72,0.23376623376623376,-0.7374999999999999,36,0.41474654377880177,-19.050000000000004,36,0.07346938775510206,-34.05,P090_R275,0.9,2.75
SWEEP_SHORT|02_06|FLAT,SWEEP_SHORT,SHORT,87,0.4517374517374517,-0.48965517241379286,42,0.5142857142857143,-17.85,45,0.39560439560439575,-24.750000000000004,P090_R275,0.9,2.75
SWEEP_SHORT|02_06|SD,SWEEP_SHORT,SHORT,158,0.43809523809523826,-0.5041139240506328,79,0.5064935064935066,-34.19999999999998,79,0.3726708074534162,-45.44999999999998,P090_R275,0.9,2.75
SWEEP_SHORT|02_06|SU,SWEEP_SHORT,SHORT,424,0.4238618524332808,-0.5193396226415095,189,0.4472049689440995,-93.44999999999999,235,0.40534834623504573,-126.74999999999999,P090_R275,0.9,2.75
SWEEP_SHORT|02_06|UP,SWEEP_SHORT,SHORT,104,0.6898954703832755,-0.2567307692307692,52,0.5382059800664453,-20.85,52,0.8571428571428575,-5.849999999999997,P090_R275,0.9,2.75
SWEEP_SHORT|06_0830|DN,SWEEP_SHORT,SHORT,69,0.6545454545454549,-0.2891304347826088,28,0.42857142857142855,-14.400000000000006,41,0.8294930875576035,-5.55,P090_R275,0.9,2.75
SWEEP_SHORT|06_0830|FLAT,SWEEP_SHORT,SHORT,76,0.6857142857142859,-0.2605263157894737,39,0.7714285714285712,-7.199999999999999,37,0.5999999999999999,-12.600000000000005,P090_R275,0.9,2.75
SWEEP_SHORT|06_0830|SD,SWEEP_SHORT,SHORT,102,0.5886402753872634,-0.3514705882352939,52,0.5382059800664453,-20.85,50,0.6428571428571429,-15.0,P090_R275,0.9,2.75
SWEEP_SHORT|06_0830|SU,SWEEP_SHORT,SHORT,308,0.6878306878306875,-0.258603896103896,141,0.7246753246753248,-31.79999999999999,167,0.6573576799140711,-47.85,P090_R275,0.9,2.75
SWEEP_SHORT|06_0830|UP,SWEEP_SHORT,SHORT,76,1.0476190476190483,0.0355263157894737,40,0.9753694581280786,-0.75,36,1.1314285714285712,3.4500000000000015,P090_R275,0.9,2.75
SWEEP_SHORT|0830_11|DN,SWEEP_SHORT,SHORT,65,0.26150121065375304,-0.7038461538461539,37,0.4976958525345621,-16.35,28,0.0,-29.400000000000006,P090_R275,0.9,2.75
SWEEP_SHORT|0830_11|FLAT,SWEEP_SHORT,SHORT,45,0.47368421052631593,-0.46666666666666673,21,0.8035714285714285,-3.299999999999999,24,0.23376623376623373,-17.700000000000003,P090_R275,0.9,2.75
SWEEP_SHORT|0830_11|SD,SWEEP_SHORT,SHORT,97,0.23113964686998392,-0.7407216494845361,43,0.1928571428571429,-33.89999999999999,54,0.2623906705539359,-37.94999999999998,P090_R275,0.9,2.75
SWEEP_SHORT|0830_11|SU,SWEEP_SHORT,SHORT,249,0.4066445182724252,-0.5379518072289157,108,0.5489566613162119,-42.14999999999999,141,0.3061224489795917,-91.79999999999998,P090_R275,0.9,2.75
SWEEP_SHORT|0830_11|UP,SWEEP_SHORT,SHORT,67,0.3486682808716708,-0.6022388059701491,33,0.2571428571428571,-23.400000000000002,34,0.4433497536945812,-16.950000000000003,P090_R275,0.9,2.75
SWEEP_SHORT|11_1330|DN,SWEEP_SHORT,SHORT,51,0.21884498480243172,-0.7558823529411762,25,0.10714285714285714,-22.500000000000004,26,0.3354037267080745,-16.05,P090_R275,0.9,2.75
SWEEP_SHORT|11_1330|FLAT,SWEEP_SHORT,SHORT,53,0.20991253644314872,-0.7669811320754714,28,0.1978021978021978,-21.900000000000006,25,0.22360248447204964,-18.750000000000004,P090_R275,0.9,2.75
SWEEP_SHORT|11_1330|SD,SWEEP_SHORT,SHORT,150,0.1836734693877551,-0.7999999999999999,66,0.1224489795918368,-58.05,84,0.23376623376623376,-61.94999999999999,P090_R275,0.9,2.75
SWEEP_SHORT|11_1330|SU,SWEEP_SHORT,SHORT,238,0.1853281853281853,-0.7978991596638656,108,0.09890109890109888,-98.4,130,0.261501210653753,-91.5,P090_R275,0.9,2.75
SWEEP_SHORT|11_1330|UP,SWEEP_SHORT,SHORT,53,0.10084033613445381,-0.9084905660377356,26,0.10285714285714286,-23.550000000000004,27,0.0989010989010989,-24.600000000000005,P090_R275,0.9,2.75
SWEEP_SHORT|1330_1515|DN,SWEEP_SHORT,SHORT,26,0.10285714285714286,-0.9057692307692309,14,0.0,-14.700000000000005,12,0.23376623376623373,-8.850000000000001,P090_R275,0.9,2.75
SWEEP_SHORT|1330_1515|FLAT,SWEEP_SHORT,SHORT,32,0.36734693877551017,-0.58125,18,0.32142857142857145,-11.400000000000002,14,0.4285714285714285,-7.199999999999999,P090_R275,0.9,2.75
SWEEP_SHORT|1330_1515|SD,SWEEP_SHORT,SHORT,82,0.031746031746031744,-1.0042682926829267,38,0.0,-39.899999999999984,44,0.05980066445182726,-42.44999999999999,P090_R275,0.9,2.75
SWEEP_SHORT|1330_1515|SU,SWEEP_SHORT,SHORT,153,0.3003128258602711,-0.657843137254902,57,0.19407008086253377,-44.849999999999994,96,0.36734693877551017,-55.800000000000004,P090_R275,0.9,2.75
SWEEP_SHORT|1330_1515|UP,SWEEP_SHORT,SHORT,27,0.0989010989010989,-0.9111111111111113,12,0.23376623376623373,-8.85,15,0.0,-15.750000000000005,P090_R275,0.9,2.75
VWAP_LONG|02_06|FLAT,VWAP_LONG,LONG,39,0.6635944700460829,-0.2807692307692308,22,0.7563025210084033,-4.35,17,0.5510204081632653,-6.6000000000000005,P090_R275,0.9,2.75
VWAP_LONG|02_06|SU,VWAP_LONG,LONG,153,0.4784053156146181,-0.4617647058823529,70,0.42857142857142866,-35.99999999999999,83,0.5217391304347827,-34.64999999999999,P090_R275,0.9,2.75
VWAP_LONG|02_06|UP,VWAP_LONG,LONG,114,0.4821428571428571,-0.45789473684210524,48,0.43902439024390244,-24.15,66,0.5142857142857145,-28.050000000000004,P090_R275,0.9,2.75
VWAP_LONG|06_0830|FLAT,VWAP_LONG,LONG,26,0.6122448979591836,-0.3288461538461539,12,0.8571428571428572,-1.3499999999999996,14,0.4285714285714285,-7.199999999999999,P090_R275,0.9,2.75
VWAP_LONG|06_0830|SU,VWAP_LONG,LONG,30,0.9350649350649349,-0.049999999999999975,15,1.2857142857142856,3.0000000000000004,15,0.6428571428571428,-4.499999999999999,P090_R275,0.9,2.75
VWAP_LONG|06_0830|UP,VWAP_LONG,LONG,82,0.7755102040816331,-0.18109756097560978,44,0.6612244897959185,-12.450000000000003,38,0.9183673469387753,-2.3999999999999995,P090_R275,0.9,2.75
VWAP_LONG|0830_11|FLAT,VWAP_LONG,LONG,25,0.35064935064935066,-0.6000000000000001,11,0.2571428571428571,-7.8,14,0.4285714285714285,-7.199999999999999,P090_R275,0.9,2.75
VWAP_LONG|0830_11|SU,VWAP_LONG,LONG,46,0.6254826254826257,-0.3163043478260871,28,0.42857142857142855,-14.400000000000004,18,0.9890109890109887,-0.14999999999999947,P090_R275,0.9,2.75
VWAP_LONG|0830_11|UP,VWAP_LONG,LONG,74,0.35604395604395606,-0.5939189189189189,39,0.29387755102040825,-25.950000000000006,35,0.4285714285714285,-18.000000000000004,P090_R275,0.9,2.75
VWAP_LONG|11_1330|FLAT,VWAP_LONG,LONG,10,0.0,-1.0500000000000003,3,0.0,-3.1500000000000004,7,0.0,-7.35,P090_R275,0.9,2.75
VWAP_LONG|11_1330|SU,VWAP_LONG,LONG,9,0.0,-1.05,4,0.0,-4.2,5,0.0,-5.25,P090_R275,0.9,2.75
VWAP_LONG|11_1330|UP,VWAP_LONG,LONG,31,0.0,-1.05,8,0.0,-8.4,23,0.0,-24.150000000000006,P090_R275,0.9,2.75
VWAP_LONG|1330_1515|FLAT,VWAP_LONG,LONG,2,0.0,-1.05,1,0.0,-1.05,1,0.0,-1.05,P090_R275,0.9,2.75
VWAP_LONG|1330_1515|SU,VWAP_LONG,LONG,19,0.14285714285714285,-0.8526315789473685,15,0.0,-15.750000000000005,4,0.8571428571428571,-0.44999999999999996,P090_R275,0.9,2.75
VWAP_LONG|1330_1515|UP,VWAP_LONG,LONG,7,1.0285714285714287,0.02142857142857148,5,0.6428571428571429,-1.5,2,2.5714285714285716,1.6500000000000001,P090_R275,0.9,2.75
VWAP_SHORT|02_06|DN,VWAP_SHORT,SHORT,98,0.6593406593406596,-0.2846938775510204,58,0.6708074534161492,-15.899999999999997,40,0.6428571428571429,-12.0,P090_R275,0.9,2.75
VWAP_SHORT|02_06|FLAT,VWAP_SHORT,SHORT,28,0.7012987012987011,-0.24642857142857147,13,0.7714285714285715,-2.3999999999999995,15,0.6428571428571428,-4.499999999999999,P090_R275,0.9,2.75
VWAP_SHORT|02_06|SD,VWAP_SHORT,SHORT,164,0.5523809523809525,-0.386890243902439,92,0.6254826254826256,-29.100000000000005,72,0.4637002341920376,-34.349999999999994,P090_R275,0.9,2.75
VWAP_SHORT|06_0830|DN,VWAP_SHORT,SHORT,80,0.24657534246575338,-0.721875,45,0.05844155844155846,-43.499999999999986,35,0.5320197044334974,-14.250000000000004,P090_R275,0.9,2.75
VWAP_SHORT|06_0830|FLAT,VWAP_SHORT,SHORT,35,0.89010989010989,-0.08571428571428569,15,0.9350649350649349,-0.7499999999999998,20,0.8571428571428569,-2.249999999999999,P090_R275,0.9,2.75
VWAP_SHORT|06_0830|SD,VWAP_SHORT,SHORT,24,0.857142857142857,-0.1125,14,0.7012987012987013,-3.45,10,1.102040816326531,0.7500000000000002,P090_R275,0.9,2.75
VWAP_SHORT|0830_11|DN,VWAP_SHORT,SHORT,84,0.38747553816046965,-0.5589285714285713,44,0.4060150375939851,-23.700000000000003,40,0.3673469387755103,-23.25,P090_R275,0.9,2.75
VWAP_SHORT|0830_11|FLAT,VWAP_SHORT,SHORT,29,0.6708074534161489,-0.2741379310344828,14,0.4285714285714285,-7.199999999999999,15,0.9350649350649349,-0.7499999999999991,P090_R275,0.9,2.75
VWAP_SHORT|0830_11|SD,VWAP_SHORT,SHORT,45,0.18367346938775517,-0.7999999999999998,29,0.19047619047619047,-22.950000000000006,16,0.17142857142857137,-13.05,P090_R275,0.9,2.75
VWAP_SHORT|11_1330|DN,VWAP_SHORT,SHORT,32,0.0,-1.05,13,0.0,-13.650000000000004,19,0.0,-19.950000000000003,P090_R275,0.9,2.75
VWAP_SHORT|11_1330|FLAT,VWAP_SHORT,SHORT,10,0.2857142857142857,-0.675,6,0.0,-6.3,4,0.8571428571428571,-0.4500000000000002,P090_R275,0.9,2.75
VWAP_SHORT|11_1330|SD,VWAP_SHORT,SHORT,8,0.0,-1.05,3,0.0,-3.1500000000000004,5,0.0,-5.25,P090_R275,0.9,2.75
VWAP_SHORT|1330_1515|DN,VWAP_SHORT,SHORT,5,0.0,-1.05,4,0.0,-4.2,1,0.0,-1.05,P090_R275,0.9,2.75
VWAP_SHORT|1330_1515|FLAT,VWAP_SHORT,SHORT,5,0.0,-1.05,4,0.0,-4.2,1,0.0,-1.05,P090_R275,0.9,2.75
VWAP_SHORT|1330_1515|SD,VWAP_SHORT,SHORT,6,0.5142857142857143,-0.425,6,0.5142857142857143,-2.55,0,0.0,0.0,P090_R275,0.9,2.75
EXHAUST_LONG|02_06|DN,EXHAUST_LONG,LONG,70,0.6476190476190478,-0.2642857142857144,41,0.5936507936507935,-12.800000000000004,29,0.7285714285714284,-5.700000000000002,P105_R175,1.05,1.75
EXHAUST_LONG|02_06|FLAT,EXHAUST_LONG,LONG,38,0.1904761904761905,-0.7605263157894738,23,0.07359307359307357,-21.400000000000006,15,0.40476190476190466,-7.500000000000003,P105_R175,1.05,1.75
EXHAUST_LONG|02_06|SD,EXHAUST_LONG,LONG,604,0.5984234963826797,-0.307864238410596,322,0.5806710870002003,-104.35,282,0.6190476190476187,-81.60000000000002,P105_R175,1.05,1.75
EXHAUST_LONG|02_06|SU,EXHAUST_LONG,LONG,1,0.0,-1.05,0,0.0,0.0,1,0.0,-1.05,P105_R175,1.05,1.75
EXHAUST_LONG|02_06|UP,EXHAUST_LONG,LONG,10,0.17989417989417986,-0.775,6,0.3238095238095238,-3.55,4,0.0,-4.2,P105_R175,1.05,1.75
EXHAUST_LONG|06_0830|DN,EXHAUST_LONG,LONG,50,0.761904761904762,-0.17000000000000004,21,0.8095238095238092,-2.8000000000000007,29,0.7285714285714284,-5.700000000000001,P105_R175,1.05,1.75
EXHAUST_LONG|06_0830|FLAT,EXHAUST_LONG,LONG,19,0.30357142857142855,-0.6157894736842107,3,3.2380952380952377,2.3499999999999996,16,0.1079365079365079,-14.05,P105_R175,1.05,1.75
EXHAUST_LONG|06_0830|SD,EXHAUST_LONG,LONG,318,0.9812409812409808,-0.012264150943396232,174,1.0386343216531893,4.300000000000001,144,0.9151138716356108,-8.199999999999998,P105_R175,1.05,1.75
EXHAUST_LONG|06_0830|UP,EXHAUST_LONG,LONG,3,0.0,-1.05,1,0.0,-1.05,2,0.0,-2.1,P105_R175,1.05,1.75
EXHAUST_LONG|0830_11|DN,EXHAUST_LONG,LONG,50,0.22077922077922082,-0.7199999999999999,23,0.2428571428571428,-15.900000000000006,27,0.20238095238095236,-20.100000000000005,P105_R175,1.05,1.75
EXHAUST_LONG|0830_11|FLAT,EXHAUST_LONG,LONG,16,0.5396825396825395,-0.36250000000000004,9,0.46258503401360546,-3.95,7,0.6476190476190476,-1.8500000000000003,P105_R175,1.05,1.75
EXHAUST_LONG|0830_11|SD,EXHAUST_LONG,LONG,423,0.4437751004016062,-0.4583924349881796,208,0.5123568414707655,-80.9,215,0.3814997263273125,-112.99999999999997,P105_R175,1.05,1.75
EXHAUST_LONG|0830_11|UP,EXHAUST_LONG,LONG,7,2.1587301587301586,0.5214285714285715,5,2.4285714285714284,3.0,2,1.6190476190476188,0.6499999999999999,P105_R175,1.05,1.75
EXHAUST_LONG|11_1330|DN,EXHAUST_LONG,LONG,12,0.32380952380952377,-0.5916666666666667,6,0.3238095238095238,-3.55,6,0.3238095238095238,-3.55,P105_R175,1.05,1.75
EXHAUST_LONG|11_1330|FLAT,EXHAUST_LONG,LONG,2,0.0,-1.05,1,0.0,-1.05,1,0.0,-1.05,P105_R175,1.05,1.75
EXHAUST_LONG|11_1330|SD,EXHAUST_LONG,LONG,368,0.34085213032581446,-0.5717391304347827,209,0.3256704980842912,-123.20000000000002,159,0.3611721611721613,-87.19999999999999,P105_R175,1.05,1.75
EXHAUST_LONG|1330_1515|DN,EXHAUST_LONG,LONG,7,0.2698412698412698,-0.6571428571428571,2,0.0,-2.1,5,0.4047619047619047,-2.5,P105_R175,1.05,1.75
EXHAUST_LONG|1330_1515|SD,EXHAUST_LONG,LONG,211,0.3110034974441754,-0.606872037914692,117,0.35416666666666663,-65.1,94,0.2598471487360376,-62.94999999999999,P105_R175,1.05,1.75
EXHAUST_LONG|1330_1515|SU,EXHAUST_LONG,LONG,1,99.0,1.7,0,0.0,0.0,1,99.0,1.7,P105_R175,1.05,1.75
EXHAUST_LONG|1330_1515|UP,EXHAUST_LONG,LONG,1,0.0,-1.05,0,0.0,0.0,1,0.0,-1.05,P105_R175,1.05,1.75
EXHAUST_SHORT|02_06|DN,EXHAUST_SHORT,SHORT,7,0.6476190476190476,-0.2642857142857143,3,0.0,-3.1500000000000004,4,1.6190476190476188,1.2999999999999996,P105_R175,1.05,1.75
EXHAUST_SHORT|02_06|FLAT,EXHAUST_SHORT,SHORT,21,0.38095238095238093,-0.5261904761904764,7,0.0,-7.35,14,0.6476190476190475,-3.700000000000001,P105_R175,1.05,1.75
EXHAUST_SHORT|02_06|SU,EXHAUST_SHORT,SHORT,735,0.596967278531524,-0.30918367346938774,329,0.6573056573056566,-84.2,406,0.55036932264655,-143.04999999999998,P105_R175,1.05,1.75
EXHAUST_SHORT|02_06|UP,EXHAUST_SHORT,SHORT,84,0.7669172932330829,-0.16607142857142862,39,0.7195767195767194,-7.950000000000001,45,0.8095238095238092,-6.000000000000001,P105_R175,1.05,1.75
EXHAUST_SHORT|06_0830|DN,EXHAUST_SHORT,SHORT,3,99.0,1.7,2,99.0,3.4,1,99.0,1.7,P105_R175,1.05,1.75
EXHAUST_SHORT|06_0830|FLAT,EXHAUST_SHORT,SHORT,19,0.4317460317460316,-0.47105263157894744,9,0.8095238095238095,-1.2000000000000004,10,0.17989417989417986,-7.75,P105_R175,1.05,1.75
EXHAUST_SHORT|06_0830|SD,EXHAUST_SHORT,SHORT,3,0.0,-1.05,3,0.0,-3.1500000000000004,0,0.0,0.0,P105_R175,1.05,1.75
EXHAUST_SHORT|06_0830|SU,EXHAUST_SHORT,SHORT,453,0.7622139764996906,-0.169757174392936,199,0.732707681612791,-38.45,254,0.7858535226956276,-38.45000000000002,P105_R175,1.05,1.75
EXHAUST_SHORT|06_0830|UP,EXHAUST_SHORT,SHORT,48,0.8095238095238094,-0.1333333333333334,28,0.7669172932330826,-4.650000000000002,20,0.8717948717948715,-1.7500000000000009,P105_R175,1.05,1.75
EXHAUST_SHORT|0830_11|DN,EXHAUST_SHORT,SHORT,5,0.4047619047619047,-0.5000000000000001,4,0.5396825396825397,-1.4500000000000004,1,0.0,-1.05,P105_R175,1.05,1.75
EXHAUST_SHORT|0830_11|FLAT,EXHAUST_SHORT,SHORT,19,0.19047619047619047,-0.7605263157894738,12,0.14718614718614714,-9.850000000000003,7,0.2698412698412698,-4.6,P105_R175,1.05,1.75
EXHAUST_SHORT|0830_11|SD,EXHAUST_SHORT,SHORT,2,0.0,-1.05,1,0.0,-1.05,1,0.0,-1.05,P105_R175,1.05,1.75
EXHAUST_SHORT|0830_11|SU,EXHAUST_SHORT,SHORT,444,0.6065162907268167,-0.300563063063063,225,0.5754446356855994,-74.0,219,0.6393691234455565,-59.449999999999996,P105_R175,1.05,1.75
EXHAUST_SHORT|0830_11|UP,EXHAUST_SHORT,SHORT,54,0.4141749723145073,-0.48981481481481487,34,0.49816849816849806,-13.700000000000003,20,0.2857142857142857,-12.750000000000004,P105_R175,1.05,1.75
EXHAUST_SHORT|11_1330|FLAT,EXHAUST_SHORT,SHORT,2,0.0,-1.05,1,0.0,-1.05,1,0.0,-1.05,P105_R175,1.05,1.75
EXHAUST_SHORT|11_1330|SU,EXHAUST_SHORT,SHORT,442,0.28926984126984123,-0.6331447963800906,225,0.2882074295686861,-142.75000000000003,217,0.2903726708074534,-137.10000000000002,P105_R175,1.05,1.75
EXHAUST_SHORT|11_1330|UP,EXHAUST_SHORT,SHORT,15,0.249084249084249,-0.6833333333333335,9,0.20238095238095236,-6.7,6,0.3238095238095238,-3.55,P105_R175,1.05,1.75
EXHAUST_SHORT|1330_1515|FLAT,EXHAUST_SHORT,SHORT,1,0.0,-1.05,0,0.0,0.0,1,0.0,-1.05,P105_R175,1.05,1.75
EXHAUST_SHORT|1330_1515|SU,EXHAUST_SHORT,SHORT,286,0.4029943855271365,-0.5019230769230769,133,0.4514652014652014,-59.89999999999999,153,0.36266666666666647,-83.64999999999999,P105_R175,1.05,1.75
EXHAUST_SHORT|1330_1515|UP,EXHAUST_SHORT,SHORT,9,0.20238095238095236,-0.7444444444444445,6,0.0,-6.3,3,0.8095238095238094,-0.40000000000000013,P105_R175,1.05,1.75
PULLBACK_LONG|02_06|SU,PULLBACK_LONG,LONG,793,0.5570621468926552,-0.3460277427490542,395,0.5562034337544538,-137.0,398,0.5579150579150575,-137.39999999999998,P105_R175,1.05,1.75
PULLBACK_LONG|02_06|UP,PULLBACK_LONG,LONG,144,0.8611955420466059,-0.09513888888888891,70,0.8994708994708998,-4.75,74,0.826044703595724,-8.950000000000003,P105_R175,1.05,1.75
PULLBACK_LONG|06_0830|SU,PULLBACK_LONG,LONG,515,0.7977915804002756,-0.14223300970873787,262,0.8471760797342188,-27.60000000000001,253,0.7486925406000547,-45.65,P105_R175,1.05,1.75
PULLBACK_LONG|06_0830|UP,PULLBACK_LONG,LONG,117,0.7195767195767196,-0.2038461538461539,53,0.4738675958188153,-22.650000000000002,64,0.9714285714285713,-1.200000000000002,P105_R175,1.05,1.75
PULLBACK_LONG|0830_11|SU,PULLBACK_LONG,LONG,456,0.3871635610766044,-0.5192982456140351,189,0.3424908424908425,-107.69999999999999,267,0.4200359389038634,-129.1,P105_R175,1.05,1.75
PULLBACK_LONG|0830_11|UP,PULLBACK_LONG,LONG,139,0.5242630385487528,-0.3773381294964029,63,0.5059523809523809,-24.900000000000002,76,0.5396825396825397,-27.55,P105_R175,1.05,1.75
PULLBACK_LONG|11_1330|SU,PULLBACK_LONG,LONG,512,0.368847778919721,-0.53974609375,248,0.4088504088504088,-122.9,264,0.33268101761252444,-153.45000000000002,P105_R175,1.05,1.75
PULLBACK_LONG|11_1330|UP,PULLBACK_LONG,LONG,92,0.4213959556425309,-0.4820652173913042,34,0.15668202764976955,-27.450000000000003,58,0.616780045351474,-16.900000000000002,P105_R175,1.05,1.75
PULLBACK_LONG|1330_1515|SU,PULLBACK_LONG,LONG,411,0.1891821946169772,-0.7622871046228712,190,0.1189131019639494,-163.75,221,0.25430067314884075,-149.55,P105_R175,1.05,1.75
PULLBACK_LONG|1330_1515|UP,PULLBACK_LONG,LONG,68,0.3469387755102041,-0.5647058823529411,22,0.3597883597883597,-12.100000000000003,46,0.3408521303258147,-26.300000000000004,P105_R175,1.05,1.75
PULLBACK_SHORT|02_06|DN,PULLBACK_SHORT,SHORT,148,0.48287385129490384,-0.41824324324324313,80,0.5762711864406781,-26.25,68,0.3826839826839828,-35.64999999999999,P105_R175,1.05,1.75
PULLBACK_SHORT|02_06|SD,PULLBACK_SHORT,SHORT,796,0.5217528872013919,-0.37977386934673363,421,0.5176892073443794,-161.55,375,0.526333501598519,-140.74999999999994,P105_R175,1.05,1.75
PULLBACK_SHORT|06_0830|DN,PULLBACK_SHORT,SHORT,129,0.6028368794326242,-0.30387596899224806,63,0.7530454042081951,-11.150000000000006,66,0.4761904761904762,-28.050000000000004,P105_R175,1.05,1.75
PULLBACK_SHORT|06_0830|SD,PULLBACK_SHORT,SHORT,458,0.750038034383082,-0.17936681222707423,229,0.7576312576312575,-39.699999999999996,229,0.7424931756141945,-42.45,P105_R175,1.05,1.75
PULLBACK_SHORT|0830_11|DN,PULLBACK_SHORT,SHORT,145,0.422360248447205,-0.4810344827586207,78,0.41781874039938566,-37.899999999999984,67,0.42767295597484284,-31.850000000000005,P105_R175,1.05,1.75
PULLBACK_SHORT|0830_11|SD,PULLBACK_SHORT,SHORT,551,0.45077891945641346,-0.45108892921960075,283,0.4083438685208595,-140.39999999999998,268,0.497560975609756,-108.15,P105_R175,1.05,1.75
PULLBACK_SHORT|11_1330|DN,PULLBACK_SHORT,SHORT,128,0.26493506493506486,-0.6632812500000002,68,0.3124477861319967,-41.14999999999999,60,0.21383647798742142,-43.749999999999986,P105_R175,1.05,1.75
PULLBACK_SHORT|11_1330|SD,PULLBACK_SHORT,SHORT,692,0.2863621639131842,-0.6367052023121387,367,0.2613019891500904,-245.09999999999997,325,0.31547619047619047,-195.5,P105_R175,1.05,1.75
PULLBACK_SHORT|1330_1515|DN,PULLBACK_SHORT,SHORT,42,0.5745007680491551,-0.3297619047619048,23,0.34085213032581446,-13.150000000000006,19,0.9444444444444441,-0.7000000000000004,P105_R175,1.05,1.75
PULLBACK_SHORT|1330_1515|SD,PULLBACK_SHORT,SHORT,428,0.19972503437070369,-0.7480140186915889,221,0.15228665723715223,-179.8,207,0.2532588454376164,-140.35,P105_R175,1.05,1.75
SWEEP_LONG|02_06|DN,SWEEP_LONG,LONG,90,0.49275362318840593,-0.4083333333333333,47,0.5551020408163266,-16.350000000000005,43,0.4285714285714286,-20.400000000000002,P105_R175,1.05,1.75
SWEEP_LONG|02_06|FLAT,SWEEP_LONG,LONG,83,0.4483516483516483,-0.4536144578313252,45,0.35006435006435016,-25.250000000000004,38,0.5782312925170067,-12.400000000000006,P105_R175,1.05,1.75
SWEEP_LONG|02_06|SD,SWEEP_LONG,LONG,369,0.553419913419913,-0.34945799457994575,195,0.5433789954337899,-69.99999999999999,174,0.5647840531561463,-58.95,P105_R175,1.05,1.75
SWEEP_LONG|02_06|SU,SWEEP_LONG,LONG,181,0.652639350313769,-0.2599447513812155,73,0.6984126984126986,-16.150000000000002,108,0.6227106227106229,-30.900000000000006,P105_R175,1.05,1.75
SWEEP_LONG|02_06|UP,SWEEP_LONG,LONG,71,0.9935064935064939,-0.004225352112676094,27,1.2952380952380946,4.649999999999998,44,0.83743842364532,-4.95,P105_R175,1.05,1.75
SWEEP_LONG|06_0830|DN,SWEEP_LONG,LONG,87,0.547985347985348,-0.35459770114942535,36,0.3908045977011493,-18.550000000000004,51,0.6746031746031746,-12.300000000000002,P105_R175,1.05,1.75
SWEEP_LONG|06_0830|FLAT,SWEEP_LONG,LONG,94,0.6868686868686871,-0.23085106382978723,44,0.4761904761904763,-18.700000000000003,50,0.9107142857142856,-3.0,P105_R175,1.05,1.75
SWEEP_LONG|06_0830|SD,SWEEP_LONG,LONG,239,1.0313111545988252,0.020083682008368207,129,1.024713682941531,2.049999999999998,110,1.0390902629708603,2.7499999999999982,P105_R175,1.05,1.75
SWEEP_LONG|06_0830|SU,SWEEP_LONG,LONG,115,0.7990105132962277,-0.14130434782608695,52,0.8571428571428572,-5.1,63,0.7530454042081951,-11.150000000000006,P105_R175,1.05,1.75
SWEEP_LONG|06_0830|UP,SWEEP_LONG,LONG,89,0.7050691244239634,-0.2157303370786517,42,0.5745007680491551,-13.850000000000001,47,0.835637480798771,-5.3500000000000005,P105_R175,1.05,1.75
SWEEP_LONG|0830_11|DN,SWEEP_LONG,LONG,67,0.2512315270935961,-0.6805970149253731,36,0.20238095238095236,-26.800000000000004,31,0.3113553113553113,-18.800000000000008,P105_R175,1.05,1.75
SWEEP_LONG|0830_11|FLAT,SWEEP_LONG,LONG,61,0.3174603174603175,-0.5991803278688522,35,0.20890937019969275,-25.750000000000004,26,0.4857142857142856,-10.800000000000004,P105_R175,1.05,1.75
SWEEP_LONG|0830_11|SD,SWEEP_LONG,LONG,239,0.4175438596491227,-0.48619246861924675,117,0.43995859213250516,-54.09999999999998,122,0.3965014577259474,-62.099999999999994,P105_R175,1.05,1.75
SWEEP_LONG|0830_11|SU,SWEEP_LONG,LONG,86,0.4591329068941009,-0.4424418604651161,33,0.607142857142857,-9.900000000000002,53,0.37652270210409755,-28.150000000000006,P105_R175,1.05,1.75
SWEEP_LONG|0830_11|UP,SWEEP_LONG,LONG,54,0.5666666666666667,-0.3370370370370371,33,0.607142857142857,-9.900000000000002,21,0.5059523809523809,-8.3,P105_R175,1.05,1.75
SWEEP_LONG|11_1330|DN,SWEEP_LONG,LONG,33,0.4358974358974358,-0.46666666666666673,17,0.6746031746031744,-4.1000000000000005,16,0.23129251700680264,-11.3,P105_R175,1.05,1.75
SWEEP_LONG|11_1330|FLAT,SWEEP_LONG,LONG,39,0.35416666666666663,-0.5564102564102565,14,0.26984126984126977,-9.200000000000005,25,0.4047619047619047,-12.500000000000004,P105_R175,1.05,1.75
SWEEP_LONG|11_1330|SD,SWEEP_LONG,LONG,194,0.27309236947791166,-0.6530927835051548,100,0.24192665571975916,-69.25,94,0.3074141048824593,-57.44999999999999,P105_R175,1.05,1.75
SWEEP_LONG|11_1330|SU,SWEEP_LONG,LONG,128,0.3546485260770975,-0.555859375,62,0.23985890652557326,-43.09999999999998,66,0.4761904761904762,-28.049999999999997,P105_R175,1.05,1.75
SWEEP_LONG|11_1330|UP,SWEEP_LONG,LONG,33,0.28911564625850333,-0.6333333333333334,11,0.0,-11.550000000000002,22,0.47619047619047616,-9.350000000000003,P105_R175,1.05,1.75
SWEEP_LONG|1330_1515|DN,SWEEP_LONG,LONG,29,0.4223602484472048,-0.48103448275862093,17,0.498168498168498,-6.8500000000000005,12,0.32380952380952377,-7.1,P105_R175,1.05,1.75
SWEEP_LONG|1330_1515|FLAT,SWEEP_LONG,LONG,26,0.38548752834467115,-0.5211538461538463,14,0.0,-14.700000000000005,12,1.1564625850340136,1.1499999999999995,P105_R175,1.05,1.75
SWEEP_LONG|1330_1515|SD,SWEEP_LONG,LONG,140,0.26984126984126977,-0.6571428571428571,66,0.16190476190476194,-52.8,74,0.3777777777777778,-39.199999999999996,P105_R175,1.05,1.75
SWEEP_LONG|1330_1515|SU,SWEEP_LONG,LONG,103,0.2338624338624338,-0.7029126213592232,45,0.15795586527293845,-36.249999999999986,58,0.29737609329446063,-36.14999999999999,P105_R175,1.05,1.75
SWEEP_LONG|1330_1515|UP,SWEEP_LONG,LONG,30,0.5887445887445886,-0.31666666666666693,14,0.44155844155844143,-6.449999999999999,16,0.7359307359307358,-3.0500000000000007,P105_R175,1.05,1.75
SWEEP_SHORT|02_06|DN,SWEEP_SHORT,SHORT,72,0.5004329004329006,-0.4006944444444444,36,0.7123809523809522,-7.550000000000002,36,0.3238095238095237,-21.300000000000004,P105_R175,1.05,1.75
SWEEP_SHORT|02_06|FLAT,SWEEP_SHORT,SHORT,87,0.4832977967306326,-0.41781609195402286,42,0.44155844155844154,-19.35,45,0.5238095238095238,-17.000000000000004,P105_R175,1.05,1.75
SWEEP_SHORT|02_06|SD,SWEEP_SHORT,SHORT,158,0.5126984126984125,-0.38860759493670877,79,0.5862068965517243,-25.200000000000006,79,0.44393241167434727,-36.199999999999974,P105_R175,1.05,1.75
SWEEP_SHORT|02_06|SU,SWEEP_SHORT,SHORT,424,0.6616041765543422,-0.25224056603773587,189,0.809523809523809,-25.2,235,0.5551020408163265,-81.75000000000001,P105_R175,1.05,1.75
SWEEP_SHORT|02_06|UP,SWEEP_SHORT,SHORT,104,0.9321789321789323,-0.04519230769230767,52,0.9321789321789321,-2.3500000000000005,52,0.9321789321789321,-2.3500000000000023,P105_R175,1.05,1.75
SWEEP_SHORT|06_0830|DN,SWEEP_SHORT,SHORT,69,0.80952380952381,-0.13333333333333341,28,0.6476190476190475,-7.400000000000002,41,0.9340659340659337,-1.800000000000001,P105_R175,1.05,1.75
SWEEP_SHORT|06_0830|FLAT,SWEEP_SHORT,SHORT,76,0.841904761904762,-0.10921052631578944,39,0.9066666666666664,-2.450000000000002,37,0.777142857142857,-5.8500000000000005,P105_R175,1.05,1.75
SWEEP_SHORT|06_0830|SD,SWEEP_SHORT,SHORT,102,0.6431833007175474,-0.2681372549019608,52,0.7195767195767198,-10.600000000000001,50,0.568854568854569,-16.75,P105_R175,1.05,1.75
SWEEP_SHORT|06_0830|SU,SWEEP_SHORT,SHORT,308,0.8374384236453198,-0.11250000000000002,141,0.975108225108225,-2.299999999999999,167,0.7320910973084885,-32.349999999999994,P105_R175,1.05,1.75
SWEEP_SHORT|06_0830|UP,SWEEP_SHORT,SHORT,76,1.242524916943522,0.14407894736842106,40,1.6190476190476188,13.0,36,0.9151138716356104,-2.0500000000000007,P105_R175,1.05,1.75
SWEEP_SHORT|0830_11|DN,SWEEP_SHORT,SHORT,65,0.4444444444444445,-0.4576923076923077,37,0.5996472663139328,-11.350000000000003,28,0.2698412698412698,-18.400000000000006,P105_R175,1.05,1.75
SWEEP_SHORT|0830_11|FLAT,SWEEP_SHORT,SHORT,45,0.4047619047619048,-0.5000000000000001,21,0.5059523809523809,-8.3,24,0.32380952380952377,-14.200000000000003,P105_R175,1.05,1.75
SWEEP_SHORT|0830_11|SD,SWEEP_SHORT,SHORT,97,0.29616724738675954,-0.6247422680412371,43,0.16605616605616613,-34.14999999999999,54,0.4141749723145073,-26.450000000000003,P105_R175,1.05,1.75
SWEEP_SHORT|0830_11|SU,SWEEP_SHORT,SHORT,249,0.5719461697722565,-0.33212851405622484,108,0.7123809523809524,-22.65,141,0.47531673219746606,-60.049999999999976,P105_R175,1.05,1.75
SWEEP_SHORT|0830_11|UP,SWEEP_SHORT,SHORT,67,0.4670329670329671,-0.43432835820895527,33,0.4358974358974358,-15.400000000000002,34,0.49816849816849806,-13.700000000000003,P105_R175,1.05,1.75
SWEEP_SHORT|11_1330|DN,SWEEP_SHORT,SHORT,51,0.4452380952380952,-0.4568627450980392,25,0.4047619047619047,-12.500000000000004,26,0.4857142857142856,-10.800000000000004,P105_R175,1.05,1.75
SWEEP_SHORT|11_1330|FLAT,SWEEP_SHORT,SHORT,53,0.28783068783068794,-0.6349056603773585,28,0.19428571428571426,-21.150000000000006,25,0.4047619047619047,-12.500000000000004,P105_R175,1.05,1.75
SWEEP_SHORT|11_1330|SD,SWEEP_SHORT,SHORT,150,0.22077922077922077,-0.7199999999999999,66,0.13270882123341143,-55.55,84,0.29644533869885986,-52.44999999999999,P105_R175,1.05,1.75
SWEEP_SHORT|11_1330|SU,SWEEP_SHORT,SHORT,238,0.357020757020757,-0.5531512605042016,108,0.3456393793472444,-61.150000000000006,130,0.366576819407008,-70.5,P105_R175,1.05,1.75
SWEEP_SHORT|11_1330|UP,SWEEP_SHORT,SHORT,53,0.16865079365079366,-0.7905660377358488,26,0.06476190476190476,-24.550000000000004,27,0.2815734989648032,-17.350000000000005,P105_R175,1.05,1.75
SWEEP_SHORT|1330_1515|DN,SWEEP_SHORT,SHORT,26,0.7195767195767194,-0.2038461538461539,14,0.6476190476190475,-3.7,12,0.8095238095238094,-1.5999999999999999,P105_R175,1.05,1.75
SWEEP_SHORT|1330_1515|FLAT,SWEEP_SHORT,SHORT,32,0.5396825396825397,-0.36250000000000004,18,0.4625850340136053,-7.9,14,0.6476190476190475,-3.700000000000001,P105_R175,1.05,1.75
SWEEP_SHORT|1330_1515|SD,SWEEP_SHORT,SHORT,82,0.2508383635144199,-0.6810975609756097,38,0.13877551020408166,-31.650000000000006,44,0.3597883597883599,-24.200000000000003,P105_R175,1.05,1.75
SWEEP_SHORT|1330_1515|SU,SWEEP_SHORT,SHORT,153,0.5538847117794485,-0.34901960784313724,57,0.4317460317460318,-26.849999999999998,96,0.6335403726708076,-26.55,P105_R175,1.05,1.75
SWEEP_SHORT|1330_1515|UP,SWEEP_SHORT,SHORT,27,0.2815734989648032,-0.6425925925925928,12,0.5396825396825395,-4.35,15,0.11564625850340132,-13.000000000000004,P105_R175,1.05,1.75
VWAP_LONG|02_06|FLAT,VWAP_LONG,LONG,39,0.5582922824302133,-0.34487179487179503,22,0.6071428571428571,-6.6,17,0.498168498168498,-6.8500000000000005,P105_R175,1.05,1.75
VWAP_LONG|02_06|SU,VWAP_LONG,LONG,153,0.4981684981684982,-0.4029411764705882,70,0.4797178130511465,-29.500000000000007,83,0.5139833711262285,-32.15,P105_R175,1.05,1.75
VWAP_LONG|02_06|UP,VWAP_LONG,LONG,114,0.7779839208410639,-0.1574561403508772,48,0.6666666666666666,-11.899999999999999,66,0.8660022148394245,-6.0500000000000025,P105_R175,1.05,1.75
VWAP_LONG|06_0830|FLAT,VWAP_LONG,LONG,26,1.0119047619047619,0.007692307692307588,12,0.8095238095238094,-1.6000000000000005,14,1.2142857142857142,1.7999999999999992,P105_R175,1.05,1.75
VWAP_LONG|06_0830|SU,VWAP_LONG,LONG,30,0.8095238095238094,-0.1333333333333334,15,1.079365079365079,0.7499999999999991,15,0.5887445887445886,-4.749999999999999,P105_R175,1.05,1.75
VWAP_LONG|06_0830|UP,VWAP_LONG,LONG,82,0.7517006802721089,-0.1780487804878049,44,0.6789554531490014,-10.450000000000003,38,0.8419047619047617,-4.150000000000001,P105_R175,1.05,1.75
VWAP_LONG|0830_11|FLAT,VWAP_LONG,LONG,25,0.4047619047619047,-0.5000000000000001,11,0.3597883597883597,-6.05,14,0.44155844155844143,-6.45,P105_R175,1.05,1.75
VWAP_LONG|0830_11|SU,VWAP_LONG,LONG,46,0.6378066378066378,-0.27282608695652183,28,0.5396825396825395,-10.150000000000004,18,0.8095238095238093,-2.400000000000001,P105_R175,1.05,1.75
VWAP_LONG|0830_11|UP,VWAP_LONG,LONG,74,0.4116222760290557,-0.49256756756756753,39,0.29437229437229434,-24.450000000000006,35,0.5604395604395603,-12.000000000000004,P105_R175,1.05,1.75
VWAP_LONG|11_1330|FLAT,VWAP_LONG,LONG,10,0.17989417989417986,-0.775,3,0.8095238095238094,-0.40000000000000013,7,0.0,-7.35,P105_R175,1.05,1.75
VWAP_LONG|11_1330|SU,VWAP_LONG,LONG,9,0.0,-1.05,4,0.0,-4.2,5,0.0,-5.25,P105_R175,1.05,1.75
VWAP_LONG|11_1330|UP,VWAP_LONG,LONG,31,0.0,-1.05,8,0.0,-8.4,23,0.0,-24.150000000000006,P105_R175,1.05,1.75
VWAP_LONG|1330_1515|FLAT,VWAP_LONG,LONG,2,0.0,-1.05,1,0.0,-1.05,1,0.0,-1.05,P105_R175,1.05,1.75
VWAP_LONG|1330_1515|SU,VWAP_LONG,LONG,19,0.08994708994708993,-0.905263157894737,15,0.0,-15.750000000000005,4,0.5396825396825397,-1.4500000000000002,P105_R175,1.05,1.75
VWAP_LONG|1330_1515|UP,VWAP_LONG,LONG,7,1.2142857142857142,0.1285714285714285,5,1.0793650793650793,0.24999999999999956,2,1.6190476190476188,0.6499999999999999,P105_R175,1.05,1.75
VWAP_SHORT|02_06|DN,VWAP_SHORT,SHORT,98,0.6476190476190479,-0.2642857142857143,58,0.6713124274099884,-14.150000000000002,40,0.6141215106732346,-11.75,P105_R175,1.05,1.75
VWAP_SHORT|02_06|FLAT,VWAP_SHORT,SHORT,28,0.7669172932330826,-0.16607142857142865,13,0.7195767195767194,-2.650000000000001,15,0.8095238095238094,-2.0,P105_R175,1.05,1.75
VWAP_SHORT|02_06|SD,VWAP_SHORT,SHORT,164,0.7101086048454468,-0.21158536585365856,92,0.9055690072639228,-5.849999999999999,72,0.5004329004329006,-28.850000000000005,P105_R175,1.05,1.75
VWAP_SHORT|06_0830|DN,VWAP_SHORT,SHORT,80,0.4700460829493089,-0.43125,45,0.4047619047619048,-22.500000000000004,35,0.5604395604395603,-12.000000000000004,P105_R175,1.05,1.75
VWAP_SHORT|06_0830|FLAT,VWAP_SHORT,SHORT,35,0.8447204968944096,-0.10714285714285719,15,1.4166666666666665,3.499999999999999,20,0.5396825396825395,-7.25,P105_R175,1.05,1.75
VWAP_SHORT|06_0830|SD,VWAP_SHORT,SHORT,24,0.9714285714285711,-0.0187500000000001,14,0.8994708994708994,-0.9500000000000004,10,1.0793650793650793,0.49999999999999956,P105_R175,1.05,1.75
VWAP_SHORT|0830_11|DN,VWAP_SHORT,SHORT,84,0.6104605776736928,-0.2970238095238096,44,0.5396825396825397,-15.950000000000003,40,0.6938775510204079,-9.0,P105_R175,1.05,1.75
VWAP_SHORT|0830_11|FLAT,VWAP_SHORT,SHORT,29,0.515151515151515,-0.38620689655172435,14,0.26984126984126977,-9.200000000000001,15,0.8095238095238094,-2.000000000000001,P105_R175,1.05,1.75
VWAP_SHORT|0830_11|SD,VWAP_SHORT,SHORT,45,0.24908424908424917,-0.6833333333333335,29,0.33730158730158727,-16.700000000000006,16,0.1079365079365079,-14.05,P105_R175,1.05,1.75
VWAP_SHORT|11_1330|DN,VWAP_SHORT,SHORT,32,0.2998236331569664,-0.6203125,13,0.2943722943722943,-8.15,19,0.30357142857142855,-11.700000000000003,P105_R175,1.05,1.75
VWAP_SHORT|11_1330|FLAT,VWAP_SHORT,SHORT,10,0.17989417989417986,-0.7750000000000001,6,0.0,-6.3,4,0.5396825396825397,-1.4500000000000004,P105_R175,1.05,1.75
VWAP_SHORT|11_1330|SD,VWAP_SHORT,SHORT,8,0.23129251700680273,-0.70625,3,0.0,-3.1500000000000004,5,0.4047619047619047,-2.5,P105_R175,1.05,1.75
VWAP_SHORT|1330_1515|DN,VWAP_SHORT,SHORT,5,0.4047619047619047,-0.5,4,0.5396825396825397,-1.4500000000000002,1,0.0,-1.05,P105_R175,1.05,1.75
VWAP_SHORT|1330_1515|FLAT,VWAP_SHORT,SHORT,5,0.0,-1.05,4,0.0,-4.2,1,0.0,-1.05,P105_R175,1.05,1.75
VWAP_SHORT|1330_1515|SD,VWAP_SHORT,SHORT,6,0.8095238095238094,-0.13333333333333341,6,0.8095238095238094,-0.8000000000000005,0,0.0,0.0,P105_R175,1.05,1.75
EXHAUST_LONG|02_06|DN,EXHAUST_LONG,LONG,70,0.5238095238095238,-0.4000000000000001,41,0.5892857142857143,-13.799999999999999,29,0.43650793650793646,-14.200000000000003,P105_R225,1.05,2.25
EXHAUST_LONG|02_06|FLAT,EXHAUST_LONG,LONG,38,0.17959183673469392,-0.7934210526315788,23,0.09523809523809522,-20.900000000000006,15,0.32234432234432225,-9.250000000000004,P105_R225,1.05,2.25
EXHAUST_LONG|02_06|SD,EXHAUST_LONG,LONG,604,0.4408817635270539,-0.4850165562913906,322,0.4316033529516676,-159.35,282,0.45155993431855485,-133.59999999999997,P105_R225,1.05,2.25
EXHAUST_LONG|02_06|SU,EXHAUST_LONG,LONG,1,0.0,-1.05,0,0.0,0.0,1,0.0,-1.05,P105_R225,1.05,2.25
EXHAUST_LONG|02_06|UP,EXHAUST_LONG,LONG,10,0.0,-1.0500000000000003,6,0.0,-6.3,4,0.0,-4.2,P105_R225,1.05,2.25
EXHAUST_LONG|06_0830|DN,EXHAUST_LONG,LONG,50,0.4599303135888502,-0.465,21,0.6547619047619048,-5.799999999999999,29,0.3352380952380952,-17.450000000000003,P105_R225,1.05,2.25
EXHAUST_LONG|06_0830|FLAT,EXHAUST_LONG,LONG,19,0.24649859943977592,-0.7078947368421055,3,1.0476190476190477,0.10000000000000009,16,0.13968253968253966,-13.55,P105_R225,1.05,2.25
EXHAUST_LONG|06_0830|SD,EXHAUST_LONG,LONG,318,0.7400202634245181,-0.2017295597484276,174,0.7981859410430833,-26.69999999999999,144,0.672782874617737,-37.44999999999999,P105_R225,1.05,2.25
EXHAUST_LONG|06_0830|UP,EXHAUST_LONG,LONG,3,0.0,-1.05,1,0.0,-1.05,2,0.0,-2.1,P105_R225,1.05,2.25
EXHAUST_LONG|0830_11|DN,EXHAUST_LONG,LONG,50,0.23280423280423287,-0.7249999999999999,23,0.19954648526077096,-17.650000000000006,27,0.2619047619047619,-18.600000000000005,P105_R225,1.05,2.25
EXHAUST_LONG|0830_11|FLAT,EXHAUST_LONG,LONG,16,0.4835164835164834,-0.44062500000000004,9,0.2619047619047619,-6.2,7,0.8380952380952381,-0.8499999999999999,P105_R225,1.05,2.25
EXHAUST_LONG|0830_11|SD,EXHAUST_LONG,LONG,423,0.34632034632034614,-0.5890070921985815,208,0.33945198191008247,-124.15000000000002,215,0.3530020703933747,-124.99999999999997,P105_R225,1.05,2.25
EXHAUST_LONG|0830_11|UP,EXHAUST_LONG,LONG,7,0.34920634920634924,-0.5857142857142856,5,0.5238095238095238,-2.0,2,0.0,-2.1,P105_R225,1.05,2.25
EXHAUST_LONG|11_1330|DN,EXHAUST_LONG,LONG,12,0.0,-1.0500000000000003,6,0.0,-6.3,6,0.0,-6.3,P105_R225,1.05,2.25
EXHAUST_LONG|11_1330|FLAT,EXHAUST_LONG,LONG,2,0.0,-1.05,1,0.0,-1.05,1,0.0,-1.05,P105_R225,1.05,2.25
EXHAUST_LONG|11_1330|SD,EXHAUST_LONG,LONG,368,0.20639658848614076,-0.7585597826086957,209,0.19745699326851163,-160.95000000000005,159,0.21825396825396823,-118.19999999999999,P105_R225,1.05,2.25
EXHAUST_LONG|1330_1515|DN,EXHAUST_LONG,LONG,7,0.34920634920634924,-0.5857142857142856,2,0.0,-2.1,5,0.5238095238095238,-2.0,P105_R225,1.05,2.25
EXHAUST_LONG|1330_1515|SD,EXHAUST_LONG,LONG,211,0.21939665918723517,-0.7419431279620854,117,0.28478964401294493,-77.35000000000001,94,0.14285714285714282,-79.19999999999999,P105_R225,1.05,2.25
EXHAUST_LONG|1330_1515|SU,EXHAUST_LONG,LONG,1,99.0,2.2,0,0.0,0.0,1,99.0,2.2,P105_R225,1.05,2.25
EXHAUST_LONG|1330_1515|UP,EXHAUST_LONG,LONG,1,0.0,-1.05,0,0.0,0.0,1,0.0,-1.05,P105_R225,1.05,2.25
EXHAUST_SHORT|02_06|DN,EXHAUST_SHORT,SHORT,7,0.8380952380952381,-0.12142857142857141,3,0.0,-3.1500000000000004,4,2.0952380952380953,2.3000000000000007,P105_R225,1.05,2.25
EXHAUST_SHORT|02_06|FLAT,EXHAUST_SHORT,SHORT,21,0.10476190476190475,-0.8952380952380954,7,0.0,-7.35,14,0.16117216117216113,-11.450000000000003,P105_R225,1.05,2.25
EXHAUST_SHORT|02_06|SU,EXHAUST_SHORT,SHORT,735,0.40476190476190455,-0.5238095238095238,329,0.4114285714285715,-169.95,406,0.3993855606758831,-215.04999999999995,P105_R225,1.05,2.25
EXHAUST_SHORT|02_06|UP,EXHAUST_SHORT,SHORT,84,0.4929971988795519,-0.4309523809523808,39,0.38095238095238093,-21.450000000000006,45,0.598639455782313,-14.750000000000004,P105_R225,1.05,2.25
EXHAUST_SHORT|06_0830|DN,EXHAUST_SHORT,SHORT,3,99.0,2.2,2,99.0,4.4,1,99.0,2.2,P105_R225,1.05,2.25
EXHAUST_SHORT|06_0830|FLAT,EXHAUST_SHORT,SHORT,19,0.39285714285714285,-0.536842105263158,9,0.598639455782313,-2.95,10,0.2328042328042328,-7.25,P105_R225,1.05,2.25
EXHAUST_SHORT|06_0830|SD,EXHAUST_SHORT,SHORT,3,0.0,-1.05,3,0.0,-3.1500000000000004,0,0.0,0.0,P105_R225,1.05,2.25
EXHAUST_SHORT|06_0830|SU,EXHAUST_SHORT,SHORT,453,0.6800334168755218,-0.25364238410596024,199,0.6478696741854637,-56.2,254,0.7057644110275687,-58.7,P105_R225,1.05,2.25
EXHAUST_SHORT|06_0830|UP,EXHAUST_SHORT,SHORT,48,0.6229086229086231,-0.30520833333333325,28,0.4554865424430641,-13.150000000000004,20,0.897959183673469,-1.4999999999999993,P105_R225,1.05,2.25
EXHAUST_SHORT|0830_11|DN,EXHAUST_SHORT,SHORT,5,0.0,-1.05,4,0.0,-4.2,1,0.0,-1.05,P105_R225,1.05,2.25
EXHAUST_SHORT|0830_11|FLAT,EXHAUST_SHORT,SHORT,19,0.0,-1.05,12,0.0,-12.600000000000003,7,0.0,-7.35,P105_R225,1.05,2.25
EXHAUST_SHORT|0830_11|SD,EXHAUST_SHORT,SHORT,2,0.0,-1.05,1,0.0,-1.05,1,0.0,-1.05,P105_R225,1.05,2.25
EXHAUST_SHORT|0830_11|SU,EXHAUST_SHORT,SHORT,444,0.38552380952380927,-0.5449324324324324,225,0.3729743206182997,-125.75,219,0.39855072463768115,-116.19999999999999,P105_R225,1.05,2.25
EXHAUST_SHORT|0830_11|UP,EXHAUST_SHORT,SHORT,54,0.21379980563654036,-0.7490740740740738,34,0.2793650793650793,-22.700000000000003,20,0.11027568922305764,-17.750000000000004,P105_R225,1.05,2.25
EXHAUST_SHORT|11_1330|FLAT,EXHAUST_SHORT,SHORT,2,0.0,-1.05,1,0.0,-1.05,1,0.0,-1.05,P105_R225,1.05,2.25
EXHAUST_SHORT|11_1330|SU,EXHAUST_SHORT,SHORT,442,0.15803499015177846,-0.8220588235294118,225,0.13902053712480247,-190.75000000000003,217,0.17809523809523808,-172.60000000000002,P105_R225,1.05,2.25
EXHAUST_SHORT|11_1330|UP,EXHAUST_SHORT,SHORT,15,0.1496598639455782,-0.8333333333333336,9,0.2619047619047619,-6.2,6,0.0,-6.3,P105_R225,1.05,2.25
EXHAUST_SHORT|1330_1515|FLAT,EXHAUST_SHORT,SHORT,1,0.0,-1.05,0,0.0,0.0,1,0.0,-1.05,P105_R225,1.05,2.25
EXHAUST_SHORT|1330_1515|SU,EXHAUST_SHORT,SHORT,286,0.23642764498795632,-0.7204545454545453,133,0.18891491022638557,-103.89999999999999,153,0.2793650793650794,-102.15,P105_R225,1.05,2.25
EXHAUST_SHORT|1330_1515|UP,EXHAUST_SHORT,SHORT,9,0.2619047619047619,-0.6888888888888889,6,0.0,-6.3,3,1.0476190476190477,0.10000000000000009,P105_R225,1.05,2.25
PULLBACK_LONG|02_06|SU,PULLBACK_LONG,LONG,793,0.41461660192778,-0.5131147540983607,395,0.33893557422969184,-236.00000000000003,398,0.4945282460810409,-170.89999999999998,P105_R225,1.05,2.25
PULLBACK_LONG|02_06|UP,PULLBACK_LONG,LONG,144,0.672782874617737,-0.26006944444444435,70,0.8380952380952384,-8.499999999999995,74,0.5326876513317192,-28.949999999999996,P105_R225,1.05,2.25
PULLBACK_LONG|06_0830|SU,PULLBACK_LONG,LONG,515,0.6574344023323611,-0.2737864077669903,262,0.6913222141648535,-63.85,253,0.623199023199023,-77.14999999999998,P105_R225,1.05,2.25
PULLBACK_LONG|06_0830|UP,PULLBACK_LONG,LONG,117,0.4852130325814538,-0.43888888888888883,53,0.21825396825396826,-39.399999999999984,64,0.7578520770010136,-11.949999999999998,P105_R225,1.05,2.25
PULLBACK_LONG|0830_11|SU,PULLBACK_LONG,LONG,456,0.2993197278911564,-0.64375,189,0.3047619047619048,-120.44999999999999,267,0.2954822954822954,-173.10000000000002,P105_R225,1.05,2.25
PULLBACK_LONG|0830_11|UP,PULLBACK_LONG,LONG,139,0.291959406713505,-0.6525179856115108,63,0.3047619047619049,-40.14999999999998,76,0.28144989339019194,-50.54999999999998,P105_R225,1.05,2.25
PULLBACK_LONG|11_1330|SU,PULLBACK_LONG,LONG,512,0.24703680598877098,-0.7072265625,248,0.310405643738977,-156.40000000000003,264,0.1904761904761905,-205.70000000000005,P105_R225,1.05,2.25
PULLBACK_LONG|11_1330|UP,PULLBACK_LONG,LONG,92,0.28453850676072895,-0.6614130434782608,34,0.13095238095238096,-29.200000000000003,58,0.38483965014577265,-31.649999999999995,P105_R225,1.05,2.25
PULLBACK_LONG|1330_1515|SU,PULLBACK_LONG,LONG,411,0.08487040385774561,-0.9234793187347934,190,0.05662805662805661,-183.25,221,0.10975056689342401,-196.3,P105_R225,1.05,2.25
PULLBACK_LONG|1330_1515|UP,PULLBACK_LONG,LONG,68,0.13095238095238096,-0.8588235294117645,22,0.09977324263038548,-19.850000000000005,46,0.14617940199335552,-38.54999999999998,P105_R225,1.05,2.25
PULLBACK_SHORT|02_06|DN,PULLBACK_SHORT,SHORT,148,0.3273809523809524,-0.6108108108108107,80,0.4444444444444444,-38.5,68,0.20276497695852538,-51.89999999999999,P105_R225,1.05,2.25
PULLBACK_SHORT|02_06|SD,PULLBACK_SHORT,SHORT,796,0.3792567472092693,-0.5518844221105528,421,0.3756169134320394,-234.05,375,0.38335586600570826,-205.24999999999997,P105_R225,1.05,2.25
PULLBACK_SHORT|06_0830|DN,PULLBACK_SHORT,SHORT,129,0.454627133872417,-0.4705426356589147,63,0.5986394557823129,-20.650000000000002,66,0.33082706766917297,-40.05,P105_R225,1.05,2.25
PULLBACK_SHORT|06_0830|SD,PULLBACK_SHORT,SHORT,458,0.6387193053859718,-0.2907205240174672,229,0.6155501748722088,-71.44999999999999,229,0.662287903667214,-61.69999999999999,P105_R225,1.05,2.25
PULLBACK_SHORT|0830_11|DN,PULLBACK_SHORT,SHORT,145,0.20634920634920634,-0.7586206896551724,78,0.23945578231292525,-55.899999999999984,67,0.16897081413210452,-54.099999999999994,P105_R225,1.05,2.25
PULLBACK_SHORT|0830_11|SD,PULLBACK_SHORT,SHORT,551,0.2900432900432898,-0.6548094373865698,283,0.29569892473118276,-183.39999999999998,268,0.28410008071025006,-177.39999999999998,P105_R225,1.05,2.25
PULLBACK_SHORT|11_1330|DN,PULLBACK_SHORT,SHORT,128,0.15846338535414164,-0.8214843750000003,68,0.0967032967032967,-61.64999999999999,60,0.23280423280423287,-43.499999999999986,P105_R225,1.05,2.25
PULLBACK_SHORT|11_1330|SD,PULLBACK_SHORT,SHORT,692,0.18807649043869512,-0.7822976878612717,367,0.1730580137659784,-294.35,325,0.2052767052767053,-247.0,P105_R225,1.05,2.25
PULLBACK_SHORT|1330_1515|DN,PULLBACK_SHORT,SHORT,42,0.4190476190476191,-0.5083333333333334,23,0.19954648526077096,-17.650000000000006,19,0.7482993197278909,-3.700000000000001,P105_R225,1.05,2.25
PULLBACK_SHORT|1330_1515|SD,PULLBACK_SHORT,SHORT,428,0.1355129116323146,-0.8525700934579441,221,0.06853582554517132,-209.3,207,0.21175278622087135,-155.60000000000002,P105_R225,1.05,2.25
SWEEP_LONG|02_06|DN,SWEEP_LONG,LONG,90,0.32234432234432236,-0.6166666666666667,47,0.36666666666666664,-26.600000000000005,43,0.2756892230576442,-28.900000000000002,P105_R225,1.05,2.25
SWEEP_LONG|02_06|FLAT,SWEEP_LONG,LONG,83,0.3891156462585034,-0.5409638554216867,45,0.38596491228070184,-24.500000000000004,38,0.3928571428571428,-20.400000000000006,P105_R225,1.05,2.25
SWEEP_LONG|02_06|SD,SWEEP_LONG,LONG,369,0.38278388278388276,-0.5479674796747968,195,0.36603557085484806,-110.5,174,0.40182648401826493,-91.69999999999997,P105_R225,1.05,2.25
SWEEP_LONG|02_06|SU,SWEEP_LONG,LONG,181,0.41627246925260175,-0.5113259668508287,73,0.3325774754346184,-44.14999999999999,108,0.4761904761904762,-48.39999999999999,P105_R225,1.05,2.25
SWEEP_LONG|02_06|UP,SWEEP_LONG,LONG,71,0.8800000000000004,-0.08873239436619705,27,1.0476190476190474,0.9000000000000004,44,0.7857142857142856,-7.1999999999999975,P105_R225,1.05,2.25
SWEEP_LONG|06_0830|DN,SWEEP_LONG,LONG,87,0.43650793650793646,-0.48965517241379286,36,0.33794162826420887,-21.550000000000004,51,0.5110336817653891,-21.05,P105_R225,1.05,2.25
SWEEP_LONG|06_0830|FLAT,SWEEP_LONG,LONG,94,0.6027397260273974,-0.3239361702127658,44,0.46560846560846575,-20.200000000000003,50,0.7361647361647363,-10.25,P105_R225,1.05,2.25
SWEEP_LONG|06_0830|SD,SWEEP_LONG,LONG,239,0.8161683277962344,-0.13891213389121335,129,0.7801418439716313,-21.69999999999999,110,0.8595848595848598,-11.499999999999996,P105_R225,1.05,2.25
SWEEP_LONG|06_0830|SU,SWEEP_LONG,LONG,115,0.6120920278223649,-0.3152173913043477,52,0.6285714285714286,-15.600000000000001,63,0.5986394557823129,-20.650000000000002,P105_R225,1.05,2.25
SWEEP_LONG|06_0830|UP,SWEEP_LONG,LONG,89,0.6470588235294121,-0.28314606741573023,42,0.4929971988795519,-18.1,47,0.8011204481792717,-7.099999999999998,P105_R225,1.05,2.25
SWEEP_LONG|0830_11|DN,SWEEP_LONG,LONG,67,0.2060889929742389,-0.7589552238805969,36,0.1904761904761905,-28.050000000000004,31,0.22448979591836732,-22.800000000000008,P105_R225,1.05,2.25
SWEEP_LONG|0830_11|FLAT,SWEEP_LONG,LONG,61,0.1870748299319728,-0.7836065573770489,35,0.06162464985994399,-33.5,26,0.3809523809523809,-14.300000000000002,P105_R225,1.05,2.25
SWEEP_LONG|0830_11|SD,SWEEP_LONG,LONG,239,0.3007518796992481,-0.642050209205021,117,0.2619047619047618,-80.60000000000001,122,0.33922902494331064,-72.85,P105_R225,1.05,2.25
SWEEP_LONG|0830_11|SU,SWEEP_LONG,LONG,86,0.3073015873015873,-0.6343023255813951,33,0.3741496598639455,-18.400000000000002,53,0.2674772036474165,-36.14999999999999,P105_R225,1.05,2.25
SWEEP_LONG|0830_11|UP,SWEEP_LONG,LONG,54,0.47619047619047633,-0.4481481481481482,33,0.564102564102564,-11.900000000000002,21,0.3492063492063492,-12.300000000000004,P105_R225,1.05,2.25
SWEEP_LONG|11_1330|DN,SWEEP_LONG,LONG,33,0.2889983579638752,-0.6560606060606061,17,0.4489795918367346,-8.100000000000001,16,0.13968253968253966,-13.55,P105_R225,1.05,2.25
SWEEP_LONG|11_1330|FLAT,SWEEP_LONG,LONG,39,0.23945578231292525,-0.7166666666666668,14,0.34920634920634913,-8.200000000000003,25,0.18219461697722564,-19.750000000000004,P105_R225,1.05,2.25
SWEEP_LONG|11_1330|SD,SWEEP_LONG,LONG,194,0.11387163561076602,-0.8824742268041238,100,0.08730158730158728,-92.0,94,0.14285714285714282,-79.19999999999999,P105_R225,1.05,2.25
SWEEP_LONG|11_1330|SU,SWEEP_LONG,LONG,128,0.19698819698819695,-0.770703125,62,0.18379281537176276,-48.84999999999998,66,0.20952380952380956,-49.8,P105_R225,1.05,2.25
SWEEP_LONG|11_1330|UP,SWEEP_LONG,LONG,33,0.2095238095238095,-0.7545454545454546,11,0.0,-11.550000000000002,22,0.3308270676691729,-13.350000000000005,P105_R225,1.05,2.25
SWEEP_LONG|1330_1515|DN,SWEEP_LONG,LONG,29,0.43650793650793646,-0.4896551724137932,17,0.6446886446886445,-4.85,12,0.19047619047619044,-9.350000000000001,P105_R225,1.05,2.25
SWEEP_LONG|1330_1515|FLAT,SWEEP_LONG,LONG,26,0.27329192546583847,-0.6750000000000002,14,0.0,-14.700000000000005,12,0.6984126984126984,-2.8499999999999996,P105_R225,1.05,2.25
SWEEP_LONG|1330_1515|SD,SWEEP_LONG,LONG,140,0.19642857142857137,-0.7714285714285714,66,0.09977324263038553,-59.55,74,0.29010989010989013,-48.449999999999996,P105_R225,1.05,2.25
SWEEP_LONG|1330_1515|SU,SWEEP_LONG,LONG,103,0.08465608465608465,-0.9237864077669902,45,0.09745293466223702,-40.749999999999986,58,0.07482993197278913,-54.39999999999999,P105_R225,1.05,2.25
SWEEP_LONG|1330_1515|UP,SWEEP_LONG,LONG,30,0.3223443223443223,-0.6166666666666669,14,0.34920634920634913,-8.200000000000001,16,0.2993197278911564,-10.3,P105_R225,1.05,2.25
SWEEP_SHORT|02_06|DN,SWEEP_SHORT,SHORT,72,0.2619047619047619,-0.6888888888888888,36,0.41904761904761895,-18.300000000000004,36,0.12324929971988798,-31.300000000000004,P105_R225,1.05,2.25
SWEEP_SHORT|02_06|FLAT,SWEEP_SHORT,SHORT,87,0.43650793650793646,-0.48965517241379286,42,0.4929971988795519,-18.1,45,0.38596491228070184,-24.500000000000004,P105_R225,1.05,2.25
SWEEP_SHORT|02_06|SD,SWEEP_SHORT,SHORT,158,0.393841747225206,-0.5357594936708859,79,0.45128205128205123,-37.449999999999974,79,0.3389355742296919,-47.199999999999974,P105_R225,1.05,2.25
SWEEP_SHORT|02_06|SU,SWEEP_SHORT,SHORT,424,0.4214218265209763,-0.5057783018867924,189,0.4761904761904762,-84.69999999999997,235,0.37903804737975594,-129.75,P105_R225,1.05,2.25
SWEEP_SHORT|02_06|UP,SWEEP_SHORT,SHORT,104,0.6984126984126986,-0.23749999999999993,52,0.562137049941928,-18.85,52,0.8494208494208497,-5.849999999999996,P105_R225,1.05,2.25
SWEEP_SHORT|06_0830|DN,SWEEP_SHORT,SHORT,69,0.6325247079964064,-0.29637681159420287,28,0.4554865424430641,-13.150000000000002,41,0.7682539682539681,-7.3,P105_R225,1.05,2.25
SWEEP_SHORT|06_0830|FLAT,SWEEP_SHORT,SHORT,76,0.6984126984126987,-0.23749999999999996,39,0.6285714285714284,-11.700000000000001,37,0.7760141093474425,-6.349999999999999,P105_R225,1.05,2.25
SWEEP_SHORT|06_0830|SD,SWEEP_SHORT,SHORT,102,0.54320987654321,-0.3808823529411763,52,0.49886621315192753,-22.1,50,0.5909645909645912,-16.75,P105_R225,1.05,2.25
SWEEP_SHORT|06_0830|SU,SWEEP_SHORT,SHORT,308,0.7476400251730644,-0.1952922077922077,141,0.8888888888888888,-11.54999999999999,167,0.6383928571428572,-48.599999999999994,P105_R225,1.05,2.25
SWEEP_SHORT|06_0830|UP,SWEEP_SHORT,SHORT,76,1.1545189504373181,0.10460526315789483,40,1.257142857142857,6.750000000000001,36,1.0476190476190474,1.2000000000000026,P105_R225,1.05,2.25
SWEEP_SHORT|0830_11|DN,SWEEP_SHORT,SHORT,65,0.2940685045948204,-0.65,37,0.4888888888888887,-16.1,28,0.07760141093474426,-26.150000000000006,P105_R225,1.05,2.25
SWEEP_SHORT|0830_11|FLAT,SWEEP_SHORT,SHORT,45,0.38596491228070184,-0.5444444444444445,21,0.6547619047619048,-5.799999999999999,24,0.19047619047619044,-18.700000000000003,P105_R225,1.05,2.25
SWEEP_SHORT|0830_11|SD,SWEEP_SHORT,SHORT,97,0.21428571428571425,-0.7484536082474228,43,0.15714285714285717,-35.39999999999999,54,0.2619047619047619,-37.19999999999998,P105_R225,1.05,2.25
SWEEP_SHORT|0830_11|SU,SWEEP_SHORT,SHORT,249,0.37734145791017826,-0.5540160642570281,108,0.4472980203317282,-51.64999999999999,141,0.3263075722092115,-86.29999999999998,P105_R225,1.05,2.25
SWEEP_SHORT|0830_11|UP,SWEEP_SHORT,SHORT,67,0.41156462585034015,-0.516417910447761,33,0.2889983579638752,-21.650000000000002,34,0.5432098765432097,-12.950000000000003,P105_R225,1.05,2.25
SWEEP_SHORT|11_1330|DN,SWEEP_SHORT,SHORT,51,0.2793650793650794,-0.6676470588235294,25,0.18219461697722564,-19.750000000000004,26,0.3809523809523809,-14.300000000000002,P105_R225,1.05,2.25
SWEEP_SHORT|11_1330|FLAT,SWEEP_SHORT,SHORT,53,0.2674772036474165,-0.682075471698113,28,0.2514285714285714,-19.650000000000006,25,0.2857142857142857,-16.500000000000004,P105_R225,1.05,2.25
SWEEP_SHORT|11_1330|SD,SWEEP_SHORT,SHORT,150,0.18219461697722567,-0.7899999999999999,66,0.13517665130568363,-56.3,84,0.2205513784461153,-62.19999999999999,P105_R225,1.05,2.25
SWEEP_SHORT|11_1330|SU,SWEEP_SHORT,SHORT,238,0.20276497695852536,-0.7632352941176472,108,0.19047619047619047,-84.15,130,0.2130750605326876,-97.5,P105_R225,1.05,2.25
SWEEP_SHORT|11_1330|UP,SWEEP_SHORT,SHORT,53,0.08216619981325866,-0.9273584905660375,26,0.0838095238095238,-24.050000000000004,27,0.08058608058608058,-25.100000000000005,P105_R225,1.05,2.25
SWEEP_SHORT|1330_1515|DN,SWEEP_SHORT,SHORT,26,0.0838095238095238,-0.9250000000000002,14,0.0,-14.700000000000005,12,0.19047619047619044,-9.350000000000001,P105_R225,1.05,2.25
SWEEP_SHORT|1330_1515|FLAT,SWEEP_SHORT,SHORT,32,0.2993197278911564,-0.64375,18,0.2619047619047619,-12.400000000000002,14,0.34920634920634913,-8.2,P105_R225,1.05,2.25
SWEEP_SHORT|1330_1515|SD,SWEEP_SHORT,SHORT,82,0.10744810744810747,-0.8914634146341462,38,0.05662805662805665,-36.64999999999999,44,0.15331010452961674,-36.44999999999999,P105_R225,1.05,2.25
SWEEP_SHORT|1330_1515|SU,SWEEP_SHORT,SHORT,153,0.297085998578536,-0.64640522875817,57,0.24649859943977595,-40.349999999999994,96,0.3281698221457257,-58.550000000000004,P105_R225,1.05,2.25
SWEEP_SHORT|1330_1515|UP,SWEEP_SHORT,SHORT,27,0.08058608058608058,-0.9296296296296298,12,0.19047619047619044,-9.350000000000001,15,0.0,-15.750000000000005,P105_R225,1.05,2.25
VWAP_LONG|02_06|FLAT,VWAP_LONG,LONG,39,0.6285714285714284,-0.3000000000000001,22,0.7857142857142856,-3.5999999999999988,17,0.4489795918367346,-8.100000000000001,P105_R225,1.05,2.25
VWAP_LONG|02_06|SU,VWAP_LONG,LONG,153,0.42894638170228694,-0.49771241830065344,70,0.43349753694581283,-34.49999999999999,83,0.4251207729468599,-41.64999999999999,P105_R225,1.05,2.25
VWAP_LONG|02_06|UP,VWAP_LONG,LONG,114,0.5010351966873707,-0.42280701754385963,48,0.48351648351648374,-21.15,66,0.51392632524708,-27.050000000000004,P105_R225,1.05,2.25
VWAP_LONG|06_0830|FLAT,VWAP_LONG,LONG,26,0.49886621315192736,-0.4250000000000001,12,0.6984126984126984,-2.8499999999999996,14,0.34920634920634913,-8.2,P105_R225,1.05,2.25
VWAP_LONG|06_0830|SU,VWAP_LONG,LONG,30,1.0476190476190474,0.033333333333333354,15,1.3968253968253965,3.750000000000001,15,0.7619047619047618,-2.749999999999999,P105_R225,1.05,2.25
VWAP_LONG|06_0830|UP,VWAP_LONG,LONG,82,0.6758832565284183,-0.25731707317073166,44,0.6162464985994398,-13.700000000000003,38,0.748299319727891,-7.3999999999999995,P105_R225,1.05,2.25
VWAP_LONG|0830_11|FLAT,VWAP_LONG,LONG,25,0.2857142857142857,-0.66,11,0.2095238095238095,-8.3,14,0.34920634920634913,-8.2,P105_R225,1.05,2.25
VWAP_LONG|0830_11|SU,VWAP_LONG,LONG,46,0.6585034013605443,-0.2728260869565218,28,0.4554865424430641,-13.150000000000004,18,1.0476190476190472,0.6000000000000005,P105_R225,1.05,2.25
VWAP_LONG|0830_11|UP,VWAP_LONG,LONG,74,0.40552995391705077,-0.522972972972973,39,0.3081232492997199,-24.700000000000006,35,0.5238095238095236,-14.000000000000004,P105_R225,1.05,2.25
VWAP_LONG|11_1330|FLAT,VWAP_LONG,LONG,10,0.0,-1.0500000000000003,3,0.0,-3.1500000000000004,7,0.0,-7.35,P105_R225,1.05,2.25
VWAP_LONG|11_1330|SU,VWAP_LONG,LONG,9,0.0,-1.05,4,0.0,-4.2,5,0.0,-5.25,P105_R225,1.05,2.25
VWAP_LONG|11_1330|UP,VWAP_LONG,LONG,31,0.0,-1.05,8,0.0,-8.4,23,0.0,-24.150000000000006,P105_R225,1.05,2.25
VWAP_LONG|1330_1515|FLAT,VWAP_LONG,LONG,2,0.0,-1.05,1,0.0,-1.05,1,0.0,-1.05,P105_R225,1.05,2.25
VWAP_LONG|1330_1515|SU,VWAP_LONG,LONG,19,0.1164021164021164,-0.8789473684210528,15,0.0,-15.750000000000005,4,0.6984126984126984,-0.95,P105_R225,1.05,2.25
VWAP_LONG|1330_1515|UP,VWAP_LONG,LONG,7,0.8380952380952381,-0.12142857142857137,5,0.5238095238095238,-2.0,2,2.0952380952380953,1.1500000000000001,P105_R225,1.05,2.25
VWAP_SHORT|02_06|DN,VWAP_SHORT,SHORT,98,0.6425396825396829,-0.2872448979591836,58,0.6666666666666667,-15.399999999999999,40,0.608294930875576,-12.75,P105_R225,1.05,2.25
VWAP_SHORT|02_06|FLAT,VWAP_SHORT,SHORT,28,0.6984126984126983,-0.2375,13,0.6285714285714286,-3.8999999999999995,15,0.7619047619047618,-2.749999999999999,P105_R225,1.05,2.25
VWAP_SHORT|02_06|SD,VWAP_SHORT,SHORT,164,0.5278080697928026,-0.39603658536585357,92,0.6197183098591553,-28.349999999999998,72,0.4190476190476191,-36.599999999999994,P105_R225,1.05,2.25
VWAP_SHORT|06_0830|DN,VWAP_SHORT,SHORT,80,0.2328042328042328,-0.725,45,0.04761904761904764,-43.999999999999986,35,0.5238095238095236,-14.000000000000004,P105_R225,1.05,2.25
VWAP_SHORT|06_0830|FLAT,VWAP_SHORT,SHORT,35,0.9603174603174602,-0.028571428571428525,15,1.3968253968253965,3.750000000000001,20,0.6984126984126982,-4.749999999999999,P105_R225,1.05,2.25
VWAP_SHORT|06_0830|SD,VWAP_SHORT,SHORT,24,0.6984126984126983,-0.23750000000000002,14,0.5714285714285714,-4.949999999999999,10,0.8979591836734695,-0.75,P105_R225,1.05,2.25
VWAP_SHORT|0830_11|DN,VWAP_SHORT,SHORT,84,0.4190476190476191,-0.5083333333333332,44,0.46560846560846575,-20.2,40,0.3697478991596639,-22.5,P105_R225,1.05,2.25
VWAP_SHORT|0830_11|FLAT,VWAP_SHORT,SHORT,29,0.5465838509316768,-0.3775862068965518,14,0.34920634920634913,-8.200000000000001,15,0.7619047619047618,-2.749999999999999,P105_R225,1.05,2.25
VWAP_SHORT|0830_11|SD,VWAP_SHORT,SHORT,45,0.14965986394557826,-0.833333333333333,29,0.15520282186948853,-23.950000000000006,16,0.13968253968253966,-13.55,P105_R225,1.05,2.25
VWAP_SHORT|11_1330|DN,VWAP_SHORT,SHORT,32,0.0,-1.05,13,0.0,-13.650000000000004,19,0.0,-19.950000000000003,P105_R225,1.05,2.25
VWAP_SHORT|11_1330|FLAT,VWAP_SHORT,SHORT,10,0.2328042328042328,-0.7250000000000001,6,0.0,-6.3,4,0.6984126984126984,-0.9500000000000002,P105_R225,1.05,2.25
VWAP_SHORT|11_1330|SD,VWAP_SHORT,SHORT,8,0.0,-1.05,3,0.0,-3.1500000000000004,5,0.0,-5.25,P105_R225,1.05,2.25
VWAP_SHORT|1330_1515|DN,VWAP_SHORT,SHORT,5,0.0,-1.05,4,0.0,-4.2,1,0.0,-1.05,P105_R225,1.05,2.25
VWAP_SHORT|1330_1515|FLAT,VWAP_SHORT,SHORT,5,0.0,-1.05,4,0.0,-4.2,1,0.0,-1.05,P105_R225,1.05,2.25
VWAP_SHORT|1330_1515|SD,VWAP_SHORT,SHORT,6,0.41904761904761906,-0.5083333333333333,6,0.41904761904761906,-3.05,0,0.0,0.0,P105_R225,1.05,2.25
EXHAUST_LONG|02_06|DN,EXHAUST_LONG,LONG,70,0.2857142857142858,-0.6749999999999998,41,0.2779922779922781,-28.05,29,0.2967032967032967,-19.200000000000006,P105_R275,1.05,2.75
EXHAUST_LONG|02_06|FLAT,EXHAUST_LONG,LONG,38,0.1428571428571429,-0.8526315789473684,23,0.11688311688311687,-20.400000000000006,15,0.18367346938775506,-12.000000000000004,P105_R275,1.05,2.75
EXHAUST_LONG|02_06|SD,EXHAUST_LONG,LONG,604,0.31009806520010597,-0.6464403973509932,322,0.3440643863179075,-195.6,282,0.27226890756302524,-194.85,P105_R275,1.05,2.75
EXHAUST_LONG|02_06|SU,EXHAUST_LONG,LONG,1,0.0,-1.05,0,0.0,0.0,1,0.0,-1.05,P105_R275,1.05,2.75
EXHAUST_LONG|02_06|UP,EXHAUST_LONG,LONG,10,0.0,-1.0500000000000003,6,0.0,-6.3,4,0.0,-4.2,P105_R275,1.05,2.75
EXHAUST_LONG|06_0830|DN,EXHAUST_LONG,LONG,50,0.2857142857142858,-0.6749999999999998,21,0.6050420168067226,-7.049999999999999,29,0.09183673469387754,-26.700000000000006,P105_R275,1.05,2.75
EXHAUST_LONG|06_0830|FLAT,EXHAUST_LONG,LONG,19,0.14285714285714285,-0.8526315789473685,3,0.0,-3.1500000000000004,16,0.17142857142857137,-13.05,P105_R275,1.05,2.75
EXHAUST_LONG|06_0830|SD,EXHAUST_LONG,LONG,318,0.5377512221618682,-0.40141509433962264,174,0.5357142857142858,-70.19999999999999,144,0.5402160864345739,-57.449999999999996,P105_R275,1.05,2.75
EXHAUST_LONG|06_0830|UP,EXHAUST_LONG,LONG,3,0.0,-1.05,1,0.0,-1.05,2,0.0,-2.1,P105_R275,1.05,2.75
EXHAUST_LONG|0830_11|DN,EXHAUST_LONG,LONG,50,0.16413373860182381,-0.8249999999999998,23,0.24489795918367344,-16.650000000000006,27,0.0989010989010989,-24.600000000000005,P105_R275,1.05,2.75
EXHAUST_LONG|0830_11|FLAT,EXHAUST_LONG,LONG,16,0.5934065934065933,-0.34687500000000004,9,0.32142857142857145,-5.7,7,1.0285714285714287,0.1499999999999999,P105_R275,1.05,2.75
EXHAUST_LONG|0830_11|SD,EXHAUST_LONG,LONG,423,0.23920265780730893,-0.7308510638297873,208,0.22887060583395663,-154.65000000000003,215,0.24927113702623907,-154.5,P105_R275,1.05,2.75
EXHAUST_LONG|0830_11|UP,EXHAUST_LONG,LONG,7,0.0,-1.05,5,0.0,-5.25,2,0.0,-2.1,P105_R275,1.05,2.75
EXHAUST_LONG|11_1330|DN,EXHAUST_LONG,LONG,12,0.0,-1.0500000000000003,6,0.0,-6.3,6,0.0,-6.3,P105_R275,1.05,2.75
EXHAUST_LONG|11_1330|FLAT,EXHAUST_LONG,LONG,2,0.0,-1.05,1,0.0,-1.05,1,0.0,-1.05,P105_R275,1.05,2.75
EXHAUST_LONG|11_1330|SD,EXHAUST_LONG,LONG,368,0.15561959654178675,-0.8360054347826088,209,0.1846153846153846,-166.95000000000005,159,0.11842105263157893,-140.7,P105_R275,1.05,2.75
EXHAUST_LONG|1330_1515|DN,EXHAUST_LONG,LONG,7,0.4285714285714286,-0.5142857142857142,2,0.0,-2.1,5,0.6428571428571429,-1.5,P105_R275,1.05,2.75
EXHAUST_LONG|1330_1515|SD,EXHAUST_LONG,LONG,211,0.10133708655876143,-0.9078199052132702,117,0.13899613899613897,-100.35000000000001,94,0.055900621118012424,-91.19999999999999,P105_R275,1.05,2.75
EXHAUST_LONG|1330_1515|SU,EXHAUST_LONG,LONG,1,99.0,2.7,0,0.0,0.0,1,99.0,2.7,P105_R275,1.05,2.75
EXHAUST_LONG|1330_1515|UP,EXHAUST_LONG,LONG,1,0.0,-1.05,0,0.0,0.0,1,0.0,-1.05,P105_R275,1.05,2.75
EXHAUST_SHORT|02_06|DN,EXHAUST_SHORT,SHORT,7,0.4285714285714286,-0.5142857142857142,3,0.0,-3.1500000000000004,4,0.8571428571428571,-0.44999999999999996,P105_R275,1.05,2.75
EXHAUST_SHORT|02_06|FLAT,EXHAUST_SHORT,SHORT,21,0.12857142857142856,-0.8714285714285717,7,0.0,-7.35,14,0.19780219780219777,-10.950000000000001,P105_R275,1.05,2.75
EXHAUST_SHORT|02_06|SU,EXHAUST_SHORT,SHORT,735,0.2494669509594882,-0.7183673469387755,329,0.24857142857142867,-236.7,406,0.25019305019305016,-291.3,P105_R275,1.05,2.75
EXHAUST_SHORT|02_06|UP,EXHAUST_SHORT,SHORT,84,0.38747553816046965,-0.5589285714285713,39,0.29387755102040825,-25.950000000000006,45,0.47368421052631593,-21.000000000000004,P105_R275,1.05,2.75
EXHAUST_SHORT|06_0830|DN,EXHAUST_SHORT,SHORT,3,1.2857142857142858,0.20000000000000004,2,0.0,-2.1,1,99.0,2.7,P105_R275,1.05,2.75
EXHAUST_SHORT|06_0830|FLAT,EXHAUST_SHORT,SHORT,19,0.0,-1.05,9,0.0,-9.450000000000001,10,0.0,-10.500000000000002,P105_R275,1.05,2.75
EXHAUST_SHORT|06_0830|SD,EXHAUST_SHORT,SHORT,3,0.0,-1.05,3,0.0,-3.1500000000000004,0,0.0,0.0,P105_R275,1.05,2.75
EXHAUST_SHORT|06_0830|SU,EXHAUST_SHORT,SHORT,453,0.5853658536585362,-0.35463576158940396,199,0.567922874671341,-73.94999999999999,254,0.5991678224687932,-86.70000000000002,P105_R275,1.05,2.75
EXHAUST_SHORT|06_0830|UP,EXHAUST_SHORT,SHORT,48,0.5142857142857143,-0.425,28,0.1978021978021978,-21.900000000000006,20,1.1020408163265303,1.5000000000000007,P105_R275,1.05,2.75
EXHAUST_SHORT|0830_11|DN,EXHAUST_SHORT,SHORT,5,0.0,-1.05,4,0.0,-4.2,1,0.0,-1.05,P105_R275,1.05,2.75
EXHAUST_SHORT|0830_11|FLAT,EXHAUST_SHORT,SHORT,19,0.0,-1.05,12,0.0,-12.600000000000003,7,0.0,-7.35,P105_R275,1.05,2.75
EXHAUST_SHORT|0830_11|SD,EXHAUST_SHORT,SHORT,2,0.0,-1.05,1,0.0,-1.05,1,0.0,-1.05,P105_R275,1.05,2.75
EXHAUST_SHORT|0830_11|SU,EXHAUST_SHORT,SHORT,444,0.26160935838355187,-0.7037162162162163,225,0.2508710801393728,-161.25000000000003,219,0.27272727272727276,-151.20000000000005,P105_R275,1.05,2.75
EXHAUST_SHORT|0830_11|UP,EXHAUST_SHORT,SHORT,54,0.09890109890109892,-0.9111111111111108,34,0.07792207792207793,-31.950000000000003,20,0.13533834586466165,-17.250000000000004,P105_R275,1.05,2.75
EXHAUST_SHORT|11_1330|FLAT,EXHAUST_SHORT,SHORT,2,0.0,-1.05,1,0.0,-1.05,1,0.0,-1.05,P105_R275,1.05,2.75
EXHAUST_SHORT|11_1330|SU,EXHAUST_SHORT,SHORT,442,0.07792207792207789,-0.9397058823529414,225,0.058441558441558426,-217.50000000000006,217,0.0984278879015721,-197.85000000000002,P105_R275,1.05,2.75
EXHAUST_SHORT|11_1330|UP,EXHAUST_SHORT,SHORT,15,0.0,-1.0500000000000003,9,0.0,-9.450000000000001,6,0.0,-6.3,P105_R275,1.05,2.75
EXHAUST_SHORT|1330_1515|FLAT,EXHAUST_SHORT,SHORT,1,0.0,-1.05,0,0.0,0.0,1,0.0,-1.05,P105_R275,1.05,2.75
EXHAUST_SHORT|1330_1515|SU,EXHAUST_SHORT,SHORT,286,0.18298555377207065,-0.8008741258741259,133,0.12148481439820012,-117.14999999999999,153,0.23877551020408164,-111.9,P105_R275,1.05,2.75
EXHAUST_SHORT|1330_1515|UP,EXHAUST_SHORT,SHORT,9,0.0,-1.05,6,0.0,-6.3,3,0.0,-3.1500000000000004,P105_R275,1.05,2.75
PULLBACK_LONG|02_06|SU,PULLBACK_LONG,LONG,793,0.32097264437689954,-0.6338587641866331,395,0.23441199684293604,-291.0,398,0.41232819658475606,-211.65,P105_R275,1.05,2.75
PULLBACK_LONG|02_06|UP,PULLBACK_LONG,LONG,144,0.46370023419203743,-0.47708333333333336,70,0.42857142857142866,-35.99999999999999,74,0.49769585253456233,-32.699999999999996,P105_R275,1.05,2.75
PULLBACK_LONG|06_0830|SU,PULLBACK_LONG,LONG,515,0.5154845154845151,-0.4237864077669903,262,0.5332455562870309,-106.35000000000001,253,0.4973045822102425,-111.9,P105_R275,1.05,2.75
PULLBACK_LONG|06_0830|UP,PULLBACK_LONG,LONG,117,0.3781512605042017,-0.5692307692307693,53,0.15428571428571433,-44.399999999999984,64,0.5934065934065935,-22.2,P105_R275,1.05,2.75
PULLBACK_LONG|0830_11|SU,PULLBACK_LONG,LONG,456,0.18108651911468815,-0.8032894736842107,189,0.22167487684729065,-142.2,267,0.15306122448979592,-224.10000000000002,P105_R275,1.05,2.75
PULLBACK_LONG|0830_11|UP,PULLBACK_LONG,LONG,139,0.17802197802197803,-0.8071942446043165,63,0.27067669172932335,-43.64999999999998,76,0.10567514677103719,-68.55,P105_R275,1.05,2.75
PULLBACK_LONG|11_1330|SU,PULLBACK_LONG,LONG,512,0.17142857142857137,-0.8156250000000002,248,0.2503160556257901,-177.90000000000003,264,0.1012373453318335,-239.70000000000005,P105_R275,1.05,2.75
PULLBACK_LONG|11_1330|UP,PULLBACK_LONG,LONG,92,0.1477832512315271,-0.846195652173913,34,0.07792207792207793,-31.950000000000003,58,0.19047619047619055,-45.89999999999999,P105_R275,1.05,2.75
PULLBACK_LONG|1330_1515|SU,PULLBACK_LONG,LONG,411,0.038095238095238085,-0.9952554744525549,190,0.04125286478227655,-188.25,221,0.035386631716906945,-220.8,P105_R275,1.05,2.75
PULLBACK_LONG|1330_1515|UP,PULLBACK_LONG,LONG,68,0.03837953091684435,-0.9948529411764705,22,0.0,-23.100000000000005,46,0.05714285714285716,-44.54999999999998,P105_R275,1.05,2.75
PULLBACK_SHORT|02_06|DN,PULLBACK_SHORT,SHORT,148,0.22689075630252098,-0.745945945945946,80,0.3259557344064387,-50.25,68,0.1186813186813187,-60.14999999999999,P105_R275,1.05,2.75
PULLBACK_SHORT|02_06|SD,PULLBACK_SHORT,SHORT,796,0.24405580664177623,-0.7249371859296483,421,0.23316062176165803,-310.80000000000007,375,0.2563887725178048,-266.25,P105_R275,1.05,2.75
PULLBACK_SHORT|06_0830|DN,PULLBACK_SHORT,SHORT,129,0.31304347826086953,-0.6430232558139535,63,0.543956043956044,-24.900000000000006,66,0.1224489795918368,-58.05,P105_R275,1.05,2.75
PULLBACK_SHORT|06_0830|SD,PULLBACK_SHORT,SHORT,458,0.5359969845457968,-0.40316593886462876,229,0.5775401069518716,-82.94999999999999,229,0.49553571428571425,-101.7,P105_R275,1.05,2.75
PULLBACK_SHORT|0830_11|DN,PULLBACK_SHORT,SHORT,145,0.23200859291084858,-0.7396551724137931,78,0.25352112676056343,-55.64999999999999,67,0.207373271889401,-51.599999999999994,P105_R275,1.05,2.75
PULLBACK_SHORT|0830_11|SD,PULLBACK_SHORT,SHORT,551,0.2397959183673469,-0.7301270417422868,283,0.29358830146231724,-188.39999999999998,268,0.18514285714285714,-213.90000000000003,P105_R275,1.05,2.75
PULLBACK_SHORT|11_1330|DN,PULLBACK_SHORT,SHORT,128,0.14876033057851235,-0.8449218750000003,68,0.07792207792207793,-63.89999999999999,60,0.23376623376623384,-44.249999999999986,P105_R275,1.05,2.75
PULLBACK_SHORT|11_1330|SD,PULLBACK_SHORT,SHORT,692,0.10038610038610038,-0.9091040462427746,367,0.08692152917505028,-340.35,325,0.11575562700964631,-288.75,P105_R275,1.05,2.75
PULLBACK_SHORT|1330_1515|DN,PULLBACK_SHORT,SHORT,42,0.06271777003484322,-0.9607142857142856,23,0.11688311688311687,-20.400000000000006,19,0.0,-19.950000000000003,P105_R275,1.05,2.75
PULLBACK_SHORT|1330_1515|SD,PULLBACK_SHORT,SHORT,428,0.07417582417582415,-0.9448598130841124,221,0.011688311688311687,-228.30000000000004,207,0.14431486880466468,-176.10000000000002,P105_R275,1.05,2.75
SWEEP_LONG|02_06|DN,SWEEP_LONG,LONG,90,0.15126050420168066,-0.8416666666666667,47,0.1753246753246754,-38.09999999999998,43,0.12543554006968644,-37.64999999999999,P105_R275,1.05,2.75
SWEEP_LONG|02_06|FLAT,SWEEP_LONG,LONG,83,0.3127413127413127,-0.6433734939759036,45,0.39560439560439575,-24.750000000000004,38,0.2204081632653062,-28.650000000000006,P105_R275,1.05,2.75
SWEEP_LONG|02_06|SD,SWEEP_LONG,LONG,369,0.219327731092437,-0.7552845528455285,195,0.22984836392657618,-144.75,174,0.20763087843833186,-133.95,P105_R275,1.05,2.75
SWEEP_LONG|02_06|SU,SWEEP_LONG,LONG,181,0.3375,-0.6149171270718231,73,0.18907563025210086,-57.900000000000006,108,0.4472049689440994,-53.39999999999999,P105_R275,1.05,2.75
SWEEP_LONG|02_06|UP,SWEEP_LONG,LONG,71,0.5763546798029557,-0.3633802816901409,27,0.32142857142857145,-17.100000000000005,44,0.7563025210084034,-8.700000000000001,P105_R275,1.05,2.75
SWEEP_LONG|06_0830|DN,SWEEP_LONG,LONG,87,0.29670329670329676,-0.6620689655172411,36,0.23376623376623382,-26.550000000000004,51,0.34285714285714297,-31.05,P105_R275,1.05,2.75
SWEEP_LONG|06_0830|FLAT,SWEEP_LONG,LONG,94,0.6514285714285716,-0.2920212765957446,44,0.5714285714285716,-16.200000000000003,50,0.7252747252747256,-11.25,P105_R275,1.05,2.75
SWEEP_LONG|06_0830|SD,SWEEP_LONG,LONG,239,0.7150496562261265,-0.23410041841004187,129,0.6806722689075632,-34.19999999999999,110,0.7563025210084036,-21.75,P105_R275,1.05,2.75
SWEEP_LONG|06_0830|SU,SWEEP_LONG,LONG,115,0.5089285714285714,-0.4304347826086956,52,0.5382059800664453,-20.85,63,0.48517520215633436,-28.650000000000002,P105_R275,1.05,2.75
SWEEP_LONG|06_0830|UP,SWEEP_LONG,LONG,89,0.6071428571428571,-0.33370786516853934,42,0.5142857142857143,-17.85,47,0.6949806949806953,-11.850000000000005,P105_R275,1.05,2.75
SWEEP_LONG|0830_11|DN,SWEEP_LONG,LONG,67,0.16326530612244905,-0.8261194029850746,36,0.1512605042016807,-30.300000000000004,31,0.1773399014778325,-25.050000000000008,P105_R275,1.05,2.75
SWEEP_LONG|0830_11|FLAT,SWEEP_LONG,LONG,61,0.1804511278195489,-0.8040983606557375,35,0.07563025210084034,-33.0,26,0.3354037267080745,-16.050000000000004,P105_R275,1.05,2.75
SWEEP_LONG|0830_11|SD,SWEEP_LONG,LONG,239,0.15999999999999998,-0.830334728033473,117,0.18872870249017037,-92.85000000000001,122,0.13300492610837436,-105.60000000000002,P105_R275,1.05,2.75
SWEEP_LONG|0830_11|SU,SWEEP_LONG,LONG,86,0.1928571428571428,-0.7883720930232557,33,0.2571428571428571,-23.400000000000002,53,0.15428571428571433,-44.399999999999984,P105_R275,1.05,2.75
SWEEP_LONG|0830_11|UP,SWEEP_LONG,LONG,54,0.2623906705539359,-0.7027777777777774,33,0.354679802955665,-19.650000000000002,21,0.12857142857142856,-18.300000000000004,P105_R275,1.05,2.75
SWEEP_LONG|11_1330|DN,SWEEP_LONG,LONG,33,0.1658986175115207,-0.8227272727272728,17,0.34285714285714275,-10.350000000000001,16,0.0,-16.8,P105_R275,1.05,2.75
SWEEP_LONG|11_1330|FLAT,SWEEP_LONG,LONG,39,0.13899613899613905,-0.8576923076923078,14,0.19780219780219777,-10.950000000000003,25,0.10714285714285714,-22.500000000000004,P105_R275,1.05,2.75
SWEEP_LONG|11_1330|SD,SWEEP_LONG,LONG,194,0.09625668449197859,-0.9146907216494846,100,0.07952871870397643,-93.75,94,0.11428571428571428,-83.69999999999999,P105_R275,1.05,2.75
SWEEP_LONG|11_1330|SU,SWEEP_LONG,LONG,128,0.12646370023419198,-0.8742187500000003,62,0.17733990147783255,-50.09999999999998,66,0.08035714285714286,-61.8,P105_R275,1.05,2.75
SWEEP_LONG|11_1330|UP,SWEEP_LONG,LONG,33,0.08035714285714286,-0.9363636363636364,11,0.0,-11.550000000000002,22,0.12244897959183672,-19.350000000000005,P105_R275,1.05,2.75
SWEEP_LONG|1330_1515|DN,SWEEP_LONG,LONG,29,0.4114285714285714,-0.5327586206896554,17,0.5510204081632653,-6.6000000000000005,12,0.23376623376623373,-8.85,P105_R275,1.05,2.75
SWEEP_LONG|1330_1515|FLAT,SWEEP_LONG,LONG,26,0.10285714285714286,-0.9057692307692309,14,0.0,-14.700000000000005,12,0.23376623376623373,-8.850000000000001,P105_R275,1.05,2.75
SWEEP_LONG|1330_1515|SD,SWEEP_LONG,LONG,140,0.13533834586466167,-0.8625,66,0.08035714285714286,-61.8,74,0.1863354037267081,-58.949999999999996,P105_R275,1.05,2.75
SWEEP_LONG|1330_1515|SU,SWEEP_LONG,LONG,103,0.07714285714285715,-0.9407766990291261,45,0.05844155844155846,-43.499999999999986,58,0.09183673469387756,-53.39999999999999,P105_R275,1.05,2.75
SWEEP_LONG|1330_1515|UP,SWEEP_LONG,LONG,30,0.08866995073891625,-0.9250000000000003,14,0.19780219780219777,-10.950000000000003,16,0.0,-16.8,P105_R275,1.05,2.75
SWEEP_SHORT|02_06|DN,SWEEP_SHORT,SHORT,72,0.036217303822937634,-0.9979166666666668,36,0.07346938775510206,-34.04999999999999,36,0.0,-37.79999999999999,P105_R275,1.05,2.75
SWEEP_SHORT|02_06|FLAT,SWEEP_SHORT,SHORT,87,0.26039783001808325,-0.7051724137931032,42,0.19780219780219793,-32.85,45,0.32142857142857145,-28.500000000000004,P105_R275,1.05,2.75
SWEEP_SHORT|02_06|SD,SWEEP_SHORT,SHORT,158,0.2697302697302698,-0.6939873417721517,79,0.28973843058350107,-52.94999999999998,79,0.24999999999999994,-56.699999999999974,P105_R275,1.05,2.75
SWEEP_SHORT|02_06|SU,SWEEP_SHORT,SHORT,424,0.27527042148452063,-0.6873820754716983,189,0.2541528239202658,-134.7,235,0.29248476641841564,-156.75,P105_R275,1.05,2.75
SWEEP_SHORT|02_06|UP,SWEEP_SHORT,SHORT,104,0.39999999999999997,-0.5451923076923078,52,0.2142857142857143,-39.59999999999999,52,0.6122448979591838,-17.1,P105_R275,1.05,2.75
SWEEP_SHORT|06_0830|DN,SWEEP_SHORT,SHORT,69,0.5413533834586467,-0.39782608695652183,28,0.1978021978021978,-21.900000000000006,41,0.8294930875576035,-5.55,P105_R275,1.05,2.75
SWEEP_SHORT|06_0830|FLAT,SWEEP_SHORT,SHORT,76,0.7409200968523004,-0.2111842105263158,39,0.6635944700460829,-10.950000000000001,37,0.8265306122448979,-5.099999999999999,P105_R275,1.05,2.75
SWEEP_SHORT|06_0830|SD,SWEEP_SHORT,SHORT,102,0.4433497536945814,-0.49852941176470567,52,0.4675324675324677,-24.599999999999998,50,0.4186046511627907,-26.25,P105_R275,1.05,2.75
SWEEP_SHORT|06_0830|SU,SWEEP_SHORT,SHORT,308,0.6092943201376934,-0.33165584415584415,141,0.6371681415929203,-43.05,167,0.5861344537815127,-59.10000000000001,P105_R275,1.05,2.75
SWEEP_SHORT|06_0830|UP,SWEEP_SHORT,SHORT,76,0.8571428571428574,-0.11249999999999996,40,0.7465437788018432,-8.25,36,0.9890109890109888,-0.29999999999999893,P105_R275,1.05,2.75
SWEEP_SHORT|0830_11|DN,SWEEP_SHORT,SHORT,65,0.26150121065375304,-0.7038461538461539,37,0.40178571428571425,-20.100000000000005,28,0.09523809523809523,-25.650000000000006,P105_R275,1.05,2.75
SWEEP_SHORT|0830_11|FLAT,SWEEP_SHORT,SHORT,45,0.39560439560439575,-0.55,21,0.8035714285714285,-3.299999999999999,24,0.11180124223602482,-21.450000000000003,P105_R275,1.05,2.75
SWEEP_SHORT|0830_11|SD,SWEEP_SHORT,SHORT,97,0.13975155279503104,-0.8567010309278351,43,0.12543554006968644,-37.64999999999999,54,0.15126050420168072,-45.44999999999998,P105_R275,1.05,2.75
SWEEP_SHORT|0830_11|SU,SWEEP_SHORT,SHORT,249,0.35225048923679064,-0.5981927710843373,108,0.4472049689440994,-53.39999999999999,141,0.2834645669291337,-95.54999999999998,P105_R275,1.05,2.75
SWEEP_SHORT|0830_11|UP,SWEEP_SHORT,SHORT,67,0.3990147783251232,-0.5462686567164177,33,0.1658986175115207,-27.150000000000002,34,0.6666666666666665,-9.450000000000001,P105_R275,1.05,2.75
SWEEP_SHORT|11_1330|DN,SWEEP_SHORT,SHORT,51,0.21884498480243172,-0.7558823529411762,25,0.10714285714285714,-22.500000000000004,26,0.3354037267080745,-16.05,P105_R275,1.05,2.75
SWEEP_SHORT|11_1330|FLAT,SWEEP_SHORT,SHORT,53,0.20991253644314872,-0.7669811320754714,28,0.1978021978021978,-21.900000000000006,25,0.22360248447204964,-18.750000000000004,P105_R275,1.05,2.75
SWEEP_SHORT|11_1330|SD,SWEEP_SHORT,SHORT,150,0.08866995073891626,-0.925,66,0.0,-69.3,84,0.16274864376130202,-69.44999999999999,P105_R275,1.05,2.75
SWEEP_SHORT|11_1330|SU,SWEEP_SHORT,SHORT,238,0.11278195488721801,-0.8924369747899161,108,0.07346938775510203,-102.15,130,0.14634146341463405,-110.25,P105_R275,1.05,2.75
SWEEP_SHORT|11_1330|UP,SWEEP_SHORT,SHORT,53,0.0,-1.0499999999999996,26,0.0,-27.300000000000004,27,0.0,-28.350000000000005,P105_R275,1.05,2.75
SWEEP_SHORT|1330_1515|DN,SWEEP_SHORT,SHORT,26,0.10285714285714286,-0.9057692307692309,14,0.0,-14.700000000000005,12,0.23376623376623373,-8.850000000000001,P105_R275,1.05,2.75
SWEEP_SHORT|1330_1515|FLAT,SWEEP_SHORT,SHORT,32,0.08294930875576036,-0.9328125,18,0.0,-18.900000000000002,14,0.19780219780219777,-10.950000000000001,P105_R275,1.05,2.75
SWEEP_SHORT|1330_1515|SD,SWEEP_SHORT,SHORT,82,0.031746031746031744,-1.0042682926829267,38,0.0,-39.899999999999984,44,0.05980066445182726,-42.44999999999999,P105_R275,1.05,2.75
SWEEP_SHORT|1330_1515|SU,SWEEP_SHORT,SHORT,153,0.1607142857142857,-0.8294117647058824,57,0.09350649350649355,-52.349999999999994,96,0.2022471910112359,-74.55000000000001,P105_R275,1.05,2.75
SWEEP_SHORT|1330_1515|UP,SWEEP_SHORT,SHORT,27,0.0,-1.0500000000000003,12,0.0,-12.600000000000003,15,0.0,-15.750000000000005,P105_R275,1.05,2.75
VWAP_LONG|02_06|FLAT,VWAP_LONG,LONG,39,0.29387755102040825,-0.6653846153846156,22,0.406015037593985,-11.850000000000005,17,0.16071428571428573,-14.100000000000001,P105_R275,1.05,2.75
VWAP_LONG|02_06|SU,VWAP_LONG,LONG,153,0.32142857142857145,-0.6333333333333334,70,0.2857142857142858,-47.249999999999986,83,0.3522504892367906,-49.64999999999999,P105_R275,1.05,2.75
VWAP_LONG|02_06|UP,VWAP_LONG,LONG,114,0.33097595473833097,-0.6223684210526317,48,0.23376623376623384,-35.4,66,0.406015037593985,-35.55,P105_R275,1.05,2.75
VWAP_LONG|06_0830|FLAT,VWAP_LONG,LONG,26,0.46753246753246747,-0.4730769230769232,12,0.5142857142857142,-5.1,14,0.4285714285714285,-7.199999999999999,P105_R275,1.05,2.75
VWAP_LONG|06_0830|SU,VWAP_LONG,LONG,30,0.6428571428571428,-0.30000000000000004,15,0.6428571428571428,-4.499999999999999,15,0.6428571428571428,-4.499999999999999,P105_R275,1.05,2.75
VWAP_LONG|06_0830|UP,VWAP_LONG,LONG,82,0.5756929637526654,-0.36402439024390243,44,0.5714285714285716,-16.200000000000003,38,0.5806451612903225,-13.650000000000006,P105_R275,1.05,2.75
VWAP_LONG|0830_11|FLAT,VWAP_LONG,LONG,25,0.35064935064935066,-0.6000000000000001,11,0.2571428571428571,-7.8,14,0.4285714285714285,-7.199999999999999,P105_R275,1.05,2.75
VWAP_LONG|0830_11|SU,VWAP_LONG,LONG,46,0.31358885017421606,-0.6423913043478262,28,0.3085714285714286,-18.150000000000006,18,0.32142857142857145,-11.400000000000002,P105_R275,1.05,2.75
VWAP_LONG|0830_11|UP,VWAP_LONG,LONG,74,0.22689075630252103,-0.7459459459459459,39,0.21428571428571438,-29.700000000000006,35,0.2410714285714286,-25.500000000000004,P105_R275,1.05,2.75
VWAP_LONG|11_1330|FLAT,VWAP_LONG,LONG,10,0.0,-1.0500000000000003,3,0.0,-3.1500000000000004,7,0.0,-7.35,P105_R275,1.05,2.75
VWAP_LONG|11_1330|SU,VWAP_LONG,LONG,9,0.0,-1.05,4,0.0,-4.2,5,0.0,-5.25,P105_R275,1.05,2.75
VWAP_LONG|11_1330|UP,VWAP_LONG,LONG,31,0.0,-1.05,8,0.0,-8.4,23,0.0,-24.150000000000006,P105_R275,1.05,2.75
VWAP_LONG|1330_1515|FLAT,VWAP_LONG,LONG,2,0.0,-1.05,1,0.0,-1.05,1,0.0,-1.05,P105_R275,1.05,2.75
VWAP_LONG|1330_1515|SU,VWAP_LONG,LONG,19,0.14285714285714285,-0.8526315789473685,15,0.0,-15.750000000000005,4,0.8571428571428571,-0.44999999999999996,P105_R275,1.05,2.75
VWAP_LONG|1330_1515|UP,VWAP_LONG,LONG,7,0.0,-1.05,5,0.0,-5.25,2,0.0,-2.1,P105_R275,1.05,2.75
VWAP_SHORT|02_06|DN,VWAP_SHORT,SHORT,98,0.4285714285714286,-0.5142857142857142,58,0.41142857142857153,-30.9,40,0.45378151260504207,-19.5,P105_R275,1.05,2.75
VWAP_SHORT|02_06|FLAT,VWAP_SHORT,SHORT,28,0.3085714285714286,-0.648214285714286,13,0.21428571428571425,-9.9,15,0.39560439560439553,-8.25,P105_R275,1.05,2.75
VWAP_SHORT|02_06|SD,VWAP_SHORT,SHORT,164,0.277992277992278,-0.6841463414634146,92,0.313588850174216,-59.099999999999994,72,0.23376623376623376,-53.10000000000001,P105_R275,1.05,2.75
VWAP_SHORT|06_0830|DN,VWAP_SHORT,SHORT,80,0.20849420849420847,-0.76875,45,0.05844155844155846,-43.499999999999986,35,0.4285714285714285,-18.000000000000004,P105_R275,1.05,2.75
VWAP_SHORT|06_0830|FLAT,VWAP_SHORT,SHORT,35,0.7619047619047619,-0.19285714285714287,15,0.9350649350649349,-0.75,20,0.6428571428571429,-6.0,P105_R275,1.05,2.75
VWAP_SHORT|06_0830|SD,VWAP_SHORT,SHORT,24,0.23376623376623373,-0.7375000000000002,14,0.19780219780219777,-10.950000000000001,10,0.2857142857142857,-6.750000000000001,P105_R275,1.05,2.75
VWAP_SHORT|0830_11|DN,VWAP_SHORT,SHORT,84,0.3085714285714286,-0.6482142857142856,44,0.4060150375939851,-23.700000000000003,40,0.2084942084942086,-30.75,P105_R275,1.05,2.75
VWAP_SHORT|0830_11|FLAT,VWAP_SHORT,SHORT,29,0.4114285714285714,-0.5327586206896553,14,0.4285714285714285,-7.199999999999999,15,0.39560439560439553,-8.25,P105_R275,1.05,2.75
VWAP_SHORT|0830_11|SD,VWAP_SHORT,SHORT,45,0.18367346938775517,-0.7999999999999998,29,0.19047619047619047,-22.950000000000006,16,0.17142857142857137,-13.05,P105_R275,1.05,2.75
VWAP_SHORT|11_1330|DN,VWAP_SHORT,SHORT,32,0.0,-1.05,13,0.0,-13.650000000000004,19,0.0,-19.950000000000003,P105_R275,1.05,2.75
VWAP_SHORT|11_1330|FLAT,VWAP_SHORT,SHORT,10,0.0,-1.0500000000000003,6,0.0,-6.3,4,0.0,-4.2,P105_R275,1.05,2.75
VWAP_SHORT|11_1330|SD,VWAP_SHORT,SHORT,8,0.0,-1.05,3,0.0,-3.1500000000000004,5,0.0,-5.25,P105_R275,1.05,2.75
VWAP_SHORT|1330_1515|DN,VWAP_SHORT,SHORT,5,0.0,-1.05,4,0.0,-4.2,1,0.0,-1.05,P105_R275,1.05,2.75
VWAP_SHORT|1330_1515|FLAT,VWAP_SHORT,SHORT,5,0.0,-1.05,4,0.0,-4.2,1,0.0,-1.05,P105_R275,1.05,2.75
VWAP_SHORT|1330_1515|SD,VWAP_SHORT,SHORT,6,0.0,-1.05,6,0.0,-6.3,0,0.0,0.0,P105_R275,1.05,2.75
